{"type":"FeatureCollection","features":[{"type":"Feature","id":911064,"geometry":{"type":"Polygon","coordinates":[[[148.780969152053,-21.3244431972992],[148.780563601656,-21.3238742517842],[148.810090500842,-21.2241160421692],[148.810184698194,-21.2239475411435],[148.814160313719,-21.2194768206361],[148.814227623509,-21.2194146875467],[148.8177868555,-21.2167194164476],[148.818427581894,-21.2167491921258],[148.83360949813,-21.2307851857806],[148.83369160022,-21.2308861402698],[148.835842244568,-21.2344873816585],[148.835896627148,-21.234631232705],[148.850274094187,-21.3127205593074],[148.850159838548,-21.3130969157643],[148.834170769238,-21.3299966996766],[148.834158625352,-21.3300090621454],[148.833818024246,-21.3303431015924],[148.833410859375,-21.330479372894],[148.780969152053,-21.3244431972992]]]},"properties":{"OBJECTID":911064,"EVENT_ID":"26MK5649","TYPE":"PLANNED","STATUS":"Work scheduled","CUSTOMERS_AFFECTED":89,"SUBURBS":"MIA MIA, MIRANI, PINEVALE","STREETS":"BADGER WALES RD, GREENTREE RD, MIA MIA CONNECTION RD, MIA MIA PINEVALE RD, O'SULLIVANS RD, PINEVALE RD, WELSHS RD, WHITEFORDS RD","START":1790978400000,"FINISH":null,"EST_FIX_TIME":1791003600000,"REASON":"The loss of supply is to upgrade equipment to meet customer demand for electricity and to improve reliability of supply in the area","CRC":"4C2DC0D0","EXTRACTED":1790636405132,"SHAPE__Area":65766294.31640625,"SHAPE__Length":34849.038263623079}},{"type":"Feature","id":911067,"geometry":{"type":"Polygon","coordinates":[[[144.010719094141,-19.9033568588175],[144.010245089407,-19.9038110781424],[144.009764877318,-19.9033627304886],[144.009748755626,-19.9010180224784],[144.010222752103,-19.9005638034658],[144.010702958337,-19.9010121490795],[144.010719094141,-19.9033568588175]]]},"properties":{"OBJECTID":911067,"EVENT_ID":"26FN7729","TYPE":"PLANNED","STATUS":"Crews working on-site","CUSTOMERS_AFFECTED":2,"SUBURBS":"EINASLEIGH, HUGHENDEN","STREETS":"HANN HWY, UNKNOWN ST","START":1790809200000,"FINISH":null,"EST_FIX_TIME":1790820000000,"REASON":"The loss of supply is to replace power poles and improve the electricity network","CRC":"0566F235","EXTRACTED":1790808904173,"SHAPE__Area":35162.97265625,"SHAPE__Length":856.537762202579}},{"type":"Feature","id":911071,"geometry":{"type":"Polygon","coordinates":[[[145.309018895727,-16.9730716910551],[145.308912239305,-16.9727354529696],[145.313202108396,-16.9329164080643],[145.313205564745,-16.9328912354968],[145.314121581377,-16.9274102407067],[145.314402436927,-16.9270657687051],[145.320812425923,-16.9244607571269],[145.321408241504,-16.9246627639323],[145.337166281942,-16.9528255057813],[145.337217427967,-16.9529740513692],[145.33877946563,-16.9632022898421],[145.338784378109,-16.9632597693694],[145.338962399253,-16.9726747759868],[145.338892209279,-16.9729207565519],[145.328594112647,-16.9889322893157],[145.328467616386,-16.9890622658511],[145.327722739711,-16.9895737637025],[145.32719168706,-16.9895832809064],[145.318709302117,-16.9842053784365],[145.318607299205,-16.9841177607641],[145.309018895727,-16.9730716910551]]]},"properties":{"OBJECTID":911071,"EVENT_ID":"26FN8635","TYPE":"PLANNED","STATUS":"Work scheduled","CUSTOMERS_AFFECTED":53,"SUBURBS":"MAREEBA, PADDYS GREEN","STREETS":"BEH RD, CETINICH RD, FASSIO RD, HAWKINS RD, RAINS RD","START":1790893800000,"FINISH":null,"EST_FIX_TIME":1790915400000,"REASON":"The loss of supply is to replace power poles and improve the electricity network","CRC":"B0B04022","EXTRACTED":1790600465548,"SHAPE__Area":17006856.8984375,"SHAPE__Length":17504.521818250876}},{"type":"Feature","id":911073,"geometry":{"type":"Polygon","coordinates":[[[143.285713071005,-26.7419990656955],[143.286217345168,-26.742447670978],[143.285717693506,-26.7429004282826],[143.277076072402,-26.7429358851298],[143.276571836508,-26.7424872507604],[143.277071518338,-26.742034529344],[143.285713071005,-26.7419990656955]]]},"properties":{"OBJECTID":911073,"EVENT_ID":"26SW11212","TYPE":"PLANNED","STATUS":"Crews working on-site","CUSTOMERS_AFFECTED":2,"SUBURBS":"EROMANGA","STREETS":"MT MARGARET RD","START":1790811000000,"FINISH":null,"EST_FIX_TIME":1790818200000,"REASON":"The loss of supply is to replace power poles and improve the electricity network","CRC":"90D0BB9A","EXTRACTED":1790811004649,"SHAPE__Area":114365.26171875,"SHAPE__Length":2240.9222170205444}},{"type":"Feature","id":911082,"geometry":{"type":"Polygon","coordinates":[[[151.555227068138,-28.6251633327283],[151.555663220939,-28.6245459133433],[151.729631193454,-28.6132510928241],[151.729973758086,-28.6133390243715],[151.777937504733,-28.6448531326692],[151.778132190836,-28.6451216983287],[151.781998410188,-28.6613604701662],[151.782003323923,-28.6613842658304],[151.789792485859,-28.7058238954631],[151.789798137028,-28.7058761392963],[151.790117223608,-28.713526723672],[151.789973144809,-28.7138569583562],[151.775636281868,-28.7268598797118],[151.775532664378,-28.7269322081534],[151.752545871535,-28.7390746710966],[151.752451299249,-28.7391136501057],[151.720993808113,-28.748762137154],[151.720958028212,-28.7487718266382],[151.63840237318,-28.768213501036],[151.637827310771,-28.7680023289567],[151.579448718331,-28.6781118434255],[151.579418433472,-28.6780567823858],[151.555227068138,-28.6251633327283]]]},"properties":{"OBJECTID":911082,"EVENT_ID":"26SW10660","TYPE":"PLANNED","STATUS":"Crews working on-site","CUSTOMERS_AFFECTED":69,"SUBURBS":"GREENLANDS, NUNDUBBERMERE, PIKEDALE, PIKES CREEK","STREETS":"AHERN LANE, INGLEWOOD RD, MAGNOLI LANE, MOUNT HUTTON RD, NUNDUBBERMERE RD, SPRINGDALE RD, TEXAS RD, YARRABEE LANE","START":1790807400000,"FINISH":null,"EST_FIX_TIME":1790829000000,"REASON":"The loss of supply is to replace power poles and improve the electricity network","CRC":"A2D3C332","EXTRACTED":1790805004020,"SHAPE__Area":358425490.875,"SHAPE__Length":74074.790030218923}},{"type":"Feature","id":911083,"geometry":{"type":"Polygon","coordinates":[[[146.788536420624,-19.2947131841832],[146.788957249902,-19.2939927218139],[146.790863369354,-19.2941428288725],[146.791151903328,-19.2949206722489],[146.790824087776,-19.2952165232703],[146.790590314076,-19.2953319475276],[146.789522849211,-19.2955363742072],[146.789047266979,-19.2953635693452],[146.788536420624,-19.2947131841832]]]},"properties":{"OBJECTID":911083,"EVENT_ID":"26NQ10317","TYPE":"PLANNED","STATUS":"Work scheduled","CUSTOMERS_AFFECTED":12,"SUBURBS":"MUNDINGBURRA","STREETS":"ROSS RIVER RD","START":1790893800000,"FINISH":null,"EST_FIX_TIME":1790915400000,"REASON":"The loss of supply is to allow maintenance of the electricity network","CRC":"B2F7E8D3","EXTRACTED":1790600465548,"SHAPE__Area":38968.13671875,"SHAPE__Length":760.48907424885238}},{"type":"Feature","id":911085,"geometry":{"type":"Polygon","coordinates":[[[146.211115305859,-19.00902835748],[146.210575269746,-19.0089548915464],[146.210463947133,-19.0084469204751],[146.211185708726,-19.0068503974708],[146.211713437073,-19.0065854736666],[146.212097063637,-19.0070202172538],[146.212122016204,-19.0082563593189],[146.211862014653,-19.0086679738772],[146.211115305859,-19.00902835748]]]},"properties":{"OBJECTID":911085,"EVENT_ID":"26NQ10629","TYPE":"PLANNED","STATUS":"Work scheduled","CUSTOMERS_AFFECTED":7,"SUBURBS":"PALUMA","STREETS":"LOOKOUT RD, LOOP RD, MOUNT SPEC RD, MT SPEC EWAN RD","START":1790901000000,"FINISH":null,"EST_FIX_TIME":1790902800000,"REASON":"The loss of supply is to allow maintenance of the electricity network","CRC":"2F6229E0","EXTRACTED":1790600465548,"SHAPE__Area":36246.392578125,"SHAPE__Length":754.75849233289546}},{"type":"Feature","id":911088,"geometry":{"type":"Polygon","coordinates":[[[151.952022970545,-27.5458657369774],[151.951494520488,-27.5453905450627],[151.951595350182,-27.5438163215718],[151.951602873375,-27.5437604921814],[151.951654865116,-27.5435087487327],[151.951902512407,-27.5431986635515],[151.952235133332,-27.5430306578645],[151.952962283747,-27.5432778174324],[151.953172837904,-27.5438318129251],[151.953198600466,-27.5439488487398],[151.953268881291,-27.5449769357074],[151.953242846371,-27.5451494316669],[151.953095613145,-27.545534687443],[151.952642001109,-27.5458391035491],[151.952022970545,-27.5458657369774]]]},"properties":{"OBJECTID":911088,"EVENT_ID":"26SW10896","TYPE":"PLANNED","STATUS":"Work scheduled","CUSTOMERS_AFFECTED":26,"SUBURBS":"NORTH TOOWOOMBA","STREETS":"JELLICOE ST, NIGEL ST","START":1790892000000,"FINISH":null,"EST_FIX_TIME":1790913600000,"REASON":"The loss of supply is to replace power poles and improve the electricity network","CRC":"F12A2E79","EXTRACTED":1790600465548,"SHAPE__Area":57174.86328125,"SHAPE__Length":920.86962310523165}},{"type":"Feature","id":911089,"geometry":{"type":"Polygon","coordinates":[[[148.24610918294,-20.0910730469246],[148.245517224201,-20.0911152491168],[148.245337989905,-20.0905805904872],[148.255088047167,-20.0663256174367],[148.25532994456,-20.0660779167294],[148.257345489043,-20.0651737256815],[148.257750047138,-20.0651712816009],[148.268892472815,-20.0700054603709],[148.269121127487,-20.070617032547],[148.268771590728,-20.0712815761955],[148.268667640612,-20.0714125509043],[148.24610918294,-20.0910730469246]]]},"properties":{"OBJECTID":911089,"EVENT_ID":"26NQ10979","TYPE":"PLANNED","STATUS":"Crews working on-site","CUSTOMERS_AFFECTED":12,"SUBURBS":"BOWEN","STREETS":"ADELAIDE TCE, BRUCE HWY S, MCDONALD CL","START":1790805900000,"FINISH":null,"EST_FIX_TIME":1790830800000,"REASON":"The loss of supply is to allow maintenance of the electricity network","CRC":"E8695BDA","EXTRACTED":1790810704895,"SHAPE__Area":2986880.16796875,"SHAPE__Length":8515.0207706887559}},{"type":"Feature","id":911095,"geometry":{"type":"Polygon","coordinates":[[[144.199456156296,-20.8454338208456],[144.199756204935,-20.8460063733731],[144.199147132185,-20.8462884311432],[144.198693171249,-20.8461433737392],[144.198393126673,-20.8455708197792],[144.199002197421,-20.845288764507],[144.199456156296,-20.8454338208456]]]},"properties":{"OBJECTID":911095,"EVENT_ID":"26NQ11319","TYPE":"PLANNED","STATUS":"Work scheduled","CUSTOMERS_AFFECTED":2,"SUBURBS":"HUGHENDEN","STREETS":"MORAN ST","START":1790901000000,"FINISH":null,"EST_FIX_TIME":1790906400000,"REASON":"The loss of supply is to replace power poles and improve the electricity network","CRC":"89C0AB29","EXTRACTED":1790719204933,"SHAPE__Area":11485.03515625,"SHAPE__Length":410.03349579334576}},{"type":"Feature","id":911096,"geometry":{"type":"Polygon","coordinates":[[[151.555884861131,-25.6057890768717],[151.556486812532,-25.6052834484931],[151.564335702582,-25.6069109721489],[151.564355978174,-25.6069155849793],[151.564948972658,-25.6070625874866],[151.564997144118,-25.6070769627028],[151.572235665069,-25.6096150360642],[151.57230509499,-25.6104249648981],[151.57051944887,-25.6113607968336],[151.570355701094,-25.6114146293136],[151.557655715539,-25.6134095413986],[151.557079709357,-25.6130324195962],[151.555884861131,-25.6057890768717]]]},"properties":{"OBJECTID":911096,"EVENT_ID":"26WB7814","TYPE":"PLANNED","STATUS":"Crews working on-site","CUSTOMERS_AFFECTED":8,"SUBURBS":"DIRNBIR, GAYNDAH","STREETS":"DIRNBIR RD, HUMPHREY RD, SHEPHERDS RD","START":1790809200000,"FINISH":null,"EST_FIX_TIME":1790830800000,"REASON":"The loss of supply is to allow maintenance of the electricity network","CRC":"8E02F8AB","EXTRACTED":1790806804042,"SHAPE__Area":1111541.05078125,"SHAPE__Length":4696.9899602872729}},{"type":"Feature","id":911100,"geometry":{"type":"Polygon","coordinates":[[[146.258868245713,-20.0770552067286],[146.258497999531,-20.076548230504],[146.259007082352,-20.0761634675855],[146.259512471809,-20.0761995080727],[146.259926744221,-20.0764978974356],[146.259955140796,-20.0765729250929],[146.259402034381,-20.0771662754351],[146.258868245713,-20.0770552067286]]]},"properties":{"OBJECTID":911100,"EVENT_ID":"26NQ11342","TYPE":"PLANNED","STATUS":"Work scheduled","CUSTOMERS_AFFECTED":4,"SUBURBS":"CHARTERS TOWERS CITY","STREETS":"GILL ST","START":1790886600000,"FINISH":null,"EST_FIX_TIME":1790892000000,"REASON":"The loss of supply is to replace power poles and improve the electricity network","CRC":"2030CAD7","EXTRACTED":1790600465548,"SHAPE__Area":12378.05859375,"SHAPE__Length":423.9120191981649}},{"type":"Feature","id":911102,"geometry":{"type":"Polygon","coordinates":[[[149.054800127186,-21.1621196675692],[149.055455733123,-21.1622915498994],[149.055272495842,-21.162906526833],[149.055114156009,-21.1629901648967],[149.054458547189,-21.1628182814734],[149.054641787843,-21.162203305151],[149.054800127186,-21.1621196675692]]]},"properties":{"OBJECTID":911102,"EVENT_ID":"26MK6006","TYPE":"PLANNED","STATUS":"Work scheduled","CUSTOMERS_AFFECTED":2,"SUBURBS":"WALKERSTON","STREETS":"MARGARET ST","START":1790818200000,"FINISH":null,"EST_FIX_TIME":1790829000000,"REASON":"The loss of supply is to replace power poles and improve the electricity network","CRC":"A81F7608","EXTRACTED":1790600465548,"SHAPE__Area":7956.66796875,"SHAPE__Length":344.51891735023429}},{"type":"Feature","id":911104,"geometry":{"type":"Polygon","coordinates":[[[145.81031944171,-17.1139848307053],[145.810603197772,-17.1134269931361],[145.83174559681,-17.1058111645448],[145.831781629505,-17.1057997550301],[145.844641594062,-17.1022737355964],[145.84516807322,-17.1024674891186],[145.851193462805,-17.1116676953358],[145.851262655411,-17.1119603400951],[145.85108650401,-17.1134276888642],[145.851059919487,-17.1135339291535],[145.831332187669,-17.1643266557503],[145.831255922119,-17.1644543716989],[145.830570901564,-17.1652607652145],[145.829807553724,-17.1652134136449],[145.826450243886,-17.1600185072099],[145.826412938932,-17.1599475191778],[145.821048142656,-17.1470221785965],[145.821036032958,-17.1469893854816],[145.81031944171,-17.1139848307053]]]},"properties":{"OBJECTID":911104,"EVENT_ID":"26FN8499","TYPE":"PLANNED","STATUS":"Work scheduled","CUSTOMERS_AFFECTED":121,"SUBURBS":"ALOOMBA, GORDONVALE","STREETS":"ANDERSON RD, ANDREWS ST, BEHANA GORGE RD, BENNETT RD, BROUGHTON RD, BRUCE HWY, CECIL ST, DONALDSON ST, FIXTER RD, HESP RD, KENNY RD, LEUMANN RD, MOSS ST, NIELSEN ST, PETERSEN ST","START":1790893800000,"FINISH":null,"EST_FIX_TIME":1790915400000,"REASON":"The loss of supply is to upgrade equipment to meet customer demand for electricity and to improve reliability of supply in the area","CRC":"F988FD06","EXTRACTED":1790600465548,"SHAPE__Area":18055632.69921875,"SHAPE__Length":18532.312146831879}},{"type":"Feature","id":911105,"geometry":{"type":"Polygon","coordinates":[[[145.92534313792,-17.2743057094473],[145.925867615367,-17.2738460258947],[145.932026219737,-17.2745331618067],[145.932040076851,-17.2745349085044],[145.935508997397,-17.2750226083215],[145.93588066919,-17.2756300259099],[145.935803375165,-17.2758257772354],[145.935727442652,-17.2759518761652],[145.931701932293,-17.280672392793],[145.931048610438,-17.2807421754093],[145.925573263903,-17.2766345728681],[145.925392530045,-17.2762892149411],[145.92534313792,-17.2743057094473]]]},"properties":{"OBJECTID":911105,"EVENT_ID":"26FN9109","TYPE":"PLANNED","STATUS":"Crews working on-site","CUSTOMERS_AFFECTED":8,"SUBURBS":"BELLENDEN KER","STREETS":"RUSSELL RIVER RD, WELSH RD","START":1790807520000,"FINISH":null,"EST_FIX_TIME":1790829000000,"REASON":"The loss of supply is to replace power poles and improve the electricity network","CRC":"2D0D1F9E","EXTRACTED":1790809803954,"SHAPE__Area":568259.83984375,"SHAPE__Length":3119.0283818535745}},{"type":"Feature","id":911112,"geometry":{"type":"Polygon","coordinates":[[[150.585222981865,-24.4700513680541],[150.585079578391,-24.4694580501855],[150.585711943952,-24.4692729432608],[150.599291311895,-24.4749712038828],[150.599309575164,-24.4749792869706],[150.606186513985,-24.4781842287256],[150.606308099551,-24.4782642716386],[150.60775609693,-24.4795652684529],[150.607459610837,-24.4803356260961],[150.602137593018,-24.4808186328322],[150.601805379475,-24.4807386238317],[150.585222981865,-24.4700513680541]]]},"properties":{"OBJECTID":911112,"EVENT_ID":"26CA10430","TYPE":"PLANNED","STATUS":"Work scheduled","CUSTOMERS_AFFECTED":7,"SUBURBS":"THANGOOL","STREETS":"COCKS MILLARD RD","START":1790895600000,"FINISH":null,"EST_FIX_TIME":1790920800000,"REASON":"The loss of supply is to replace power poles and improve the electricity network","CRC":"99E1E775","EXTRACTED":1790600465548,"SHAPE__Area":879206.17578125,"SHAPE__Length":5913.7303761901539}},{"type":"Feature","id":911117,"geometry":{"type":"Polygon","coordinates":[[[151.636584580318,-27.6998480964966],[151.636128530686,-27.699387914125],[151.636175227365,-27.6978459842444],[151.636350981022,-27.6975168158985],[151.649776742149,-27.6872345722616],[151.650559440603,-27.6873753064521],[151.651889167767,-27.6897545558241],[151.651941696284,-27.689936820038],[151.652077494893,-27.6929122872474],[151.651962259301,-27.69321708935],[151.645293124635,-27.7004113675375],[151.644853423895,-27.7005728738814],[151.636584580318,-27.6998480964966]]]},"properties":{"OBJECTID":911117,"EVENT_ID":"26SW10254","TYPE":"PLANNED","STATUS":"Crews working on-site","CUSTOMERS_AFFECTED":10,"SUBURBS":"LINTHORPE, PITTSWORTH, STONELEIGH","STREETS":"LOCHABER RD, PAINT MINE RD, PAINTMINE RD, VINES ST","START":1790807400000,"FINISH":null,"EST_FIX_TIME":1790825400000,"REASON":"The loss of supply is to upgrade equipment to meet customer demand for electricity and to improve reliability of supply in the area","CRC":"8EC8F26A","EXTRACTED":1790806203965,"SHAPE__Area":1531243.1015625,"SHAPE__Length":5301.9328521281659}},{"type":"Feature","id":911120,"geometry":{"type":"Polygon","coordinates":[[[145.14824126324,-15.4486102945445],[145.148742851716,-15.4490245560576],[145.148315734686,-15.4495110486124],[145.145963147942,-15.4496940076567],[145.145461564272,-15.4492797403043],[145.145888686784,-15.4487932539233],[145.14824126324,-15.4486102945445]]]},"properties":{"OBJECTID":911120,"EVENT_ID":"26FN8322","TYPE":"PLANNED","STATUS":"Crews working on-site","CUSTOMERS_AFFECTED":2,"SUBURBS":"COOKTOWN","STREETS":"RAILWAY AVE","START":1790807400000,"FINISH":null,"EST_FIX_TIME":1790829000000,"REASON":"The loss of supply is to replace power poles and improve the electricity network","CRC":"22C78D16","EXTRACTED":1790805604666,"SHAPE__Area":32831.55078125,"SHAPE__Length":819.74822909705722}},{"type":"Feature","id":911126,"geometry":{"type":"Polygon","coordinates":[[[151.949864070425,-27.5453503673071],[151.949303177321,-27.54513377497],[151.94938745449,-27.5445941289236],[151.95083514274,-27.5433115849263],[151.951665334318,-27.543476328148],[151.952028276025,-27.5443616482879],[151.951674702549,-27.5449531389655],[151.949864070425,-27.5453503673071]]]},"properties":{"OBJECTID":911126,"EVENT_ID":"26SW10888","TYPE":"PLANNED","STATUS":"Work scheduled","CUSTOMERS_AFFECTED":6,"SUBURBS":"NORTH TOOWOOMBA","STREETS":"GAUNTLET ST, KENILWORTH ST","START":1790892000000,"FINISH":null,"EST_FIX_TIME":1790913600000,"REASON":"The loss of supply is to replace power poles and improve the electricity network","CRC":"71E7D818","EXTRACTED":1790600465548,"SHAPE__Area":49510.34765625,"SHAPE__Length":868.97195977651825}},{"type":"Feature","id":911128,"geometry":{"type":"Polygon","coordinates":[[[149.214652093143,-21.0749080636096],[149.21527882587,-21.0751563463181],[149.215014297536,-21.0757445890494],[149.214926095774,-21.0757782323211],[149.214299360789,-21.0755299485041],[149.214563891755,-21.0749417066595],[149.214652093143,-21.0749080636096]]]},"properties":{"OBJECTID":911128,"EVENT_ID":"26MK5840","TYPE":"PLANNED","STATUS":"Work scheduled","CUSTOMERS_AFFECTED":2,"SUBURBS":"SLADE POINT","STREETS":"SLADE POINT RD","START":1790910000000,"FINISH":null,"EST_FIX_TIME":1790924400000,"REASON":"The loss of supply is to allow maintenance of the electricity network","CRC":"2EC72FD0","EXTRACTED":1790600465548,"SHAPE__Area":6910.02734375,"SHAPE__Length":325.01439712187408}},{"type":"Feature","id":911129,"geometry":{"type":"Polygon","coordinates":[[[152.712694511014,-25.5463513626912],[152.712258183813,-25.5459889082182],[152.712515262345,-25.545505520113],[152.713652695222,-25.544965922577],[152.714114377821,-25.5449670108694],[152.715778825641,-25.5457666372803],[152.716021204255,-25.5462945532032],[152.715496409584,-25.5466113904652],[152.712694511014,-25.5463513626912]]]},"properties":{"OBJECTID":911129,"EVENT_ID":"26WB7767","TYPE":"PLANNED","STATUS":"Work scheduled","CUSTOMERS_AFFECTED":3,"SUBURBS":"MARYBOROUGH","STREETS":"KENT ST","START":1790908200000,"FINISH":null,"EST_FIX_TIME":1790924400000,"REASON":"The loss of supply is to allow maintenance of the electricity network","CRC":"A70196BB","EXTRACTED":1790600465548,"SHAPE__Area":56568.65625,"SHAPE__Length":990.88520777576719}},{"type":"Feature","id":911130,"geometry":{"type":"Polygon","coordinates":[[[151.650803732536,-26.6937879446806],[151.650323534236,-26.6931799453614],[151.650794298751,-26.6920502914592],[151.650821216957,-26.6919966604828],[151.651854048453,-26.6902528180227],[151.651929967525,-26.6901572315805],[151.653214323483,-26.6889199395786],[151.653328857148,-26.6888378183377],[151.654492454853,-26.6882296837126],[151.655178766095,-26.6883939491854],[151.656284033512,-26.690115755346],[151.656305283013,-26.6905286374197],[151.656178764457,-26.6907760048936],[151.656146569987,-26.6908291994279],[151.65591280752,-26.6911602537457],[151.655904018745,-26.6911722717053],[151.655549226189,-26.6916409374026],[151.65554506822,-26.6916463445872],[151.654065038417,-26.6935412748634],[151.653665436184,-26.6937328330248],[151.650803732536,-26.6937879446806]]]},"properties":{"OBJECTID":911130,"EVENT_ID":"26WB8084","TYPE":"PLANNED","STATUS":"Crews working on-site","CUSTOMERS_AFFECTED":59,"SUBURBS":"KUMBIA","STREETS":"BELL ST, BROOK RD, GORDON ST, ROBERTS ST, SHORT ST, STUART ST","START":1790807400000,"FINISH":null,"EST_FIX_TIME":1790829000000,"REASON":"The loss of supply is to connect new customers to the electricity network","CRC":"67CA964A","EXTRACTED":1790806203965,"SHAPE__Area":284656.2890625,"SHAPE__Length":2085.5409384519962}},{"type":"Feature","id":911134,"geometry":{"type":"Polygon","coordinates":[[[152.024629799305,-25.2020879995056],[152.024629181583,-25.2020650355006],[152.024639379498,-25.1932875588899],[152.024654696094,-25.1931768991598],[152.024858811154,-25.1924480172469],[152.025300940964,-25.1921103180722],[152.042159141974,-25.1909510016972],[152.042289899963,-25.1909578230565],[152.079843019215,-25.1975253866587],[152.079955404574,-25.1975580605817],[152.106950605205,-25.2087836273576],[152.10723490139,-25.2092556206724],[152.106818613778,-25.2096380409629],[152.033724340725,-25.2196256382797],[152.033218694205,-25.2193995117993],[152.024884134243,-25.2057841250617],[152.024822257824,-25.2055876421032],[152.024629799305,-25.2020879995056]]]},"properties":{"OBJECTID":911134,"EVENT_ID":"26WB8295","TYPE":"PLANNED","STATUS":"Work scheduled","CUSTOMERS_AFFECTED":35,"SUBURBS":"BOOYAL","STREETS":"BRUCE HWY, CAUSEWAY RD, CHRISTENSEN RD, COLEMANS RD, MADLE CT, MARULE RD, OLD BOOYAL SCHOOL RD, OLD SCHOOL RD, WALTERS RD","START":1790895600000,"FINISH":null,"EST_FIX_TIME":1790913600000,"REASON":"The loss of supply is to allow emergency maintenance of the electricity network","CRC":"99EB1D2D","EXTRACTED":1790600465548,"SHAPE__Area":20087602.30078125,"SHAPE__Length":21523.433622511682}},{"type":"Feature","id":911136,"geometry":{"type":"Polygon","coordinates":[[[146.138727044952,-18.584233530104],[146.138475931559,-18.5835303999034],[146.158532181238,-18.5576510877099],[146.15923937366,-18.5575919081591],[146.170486643272,-18.5677730737382],[146.170525267151,-18.567812471191],[146.180954445492,-18.5798114414117],[146.180704859895,-18.5805381144369],[146.151252705451,-18.5875760268312],[146.151007656362,-18.5875722585162],[146.138727044952,-18.584233530104]]]},"properties":{"OBJECTID":911136,"EVENT_ID":"26NQ10858","TYPE":"PLANNED","STATUS":"Crews working on-site","CUSTOMERS_AFFECTED":17,"SUBURBS":"BEMERSIDE","STREETS":"CHRISTIES RD, GANGEMI'S RD, GANGEMIS RD, SEYMOUR RD","START":1790807640000,"FINISH":null,"EST_FIX_TIME":1790829000000,"REASON":"The loss of supply is to upgrade equipment to meet customer demand for electricity and to improve reliability of supply in the area","CRC":"DE0BB68B","EXTRACTED":1790810404221,"SHAPE__Area":8617378.125,"SHAPE__Length":12420.95521468998}},{"type":"Feature","id":911140,"geometry":{"type":"Polygon","coordinates":[[[145.738604457501,-16.9488447486752],[145.738340699416,-16.9494312172735],[145.737731358001,-16.9491773586328],[145.737116929651,-16.9476832776832],[145.737380688587,-16.9470968106593],[145.737990022953,-16.9473506699169],[145.738604457501,-16.9488447486752]]]},"properties":{"OBJECTID":911140,"EVENT_ID":"26FN8962","TYPE":"PLANNED","STATUS":"Work scheduled","CUSTOMERS_AFFECTED":2,"SUBURBS":"WOREE","STREETS":"MAINA ST, VARESE ST","START":1790901000000,"FINISH":null,"EST_FIX_TIME":1790915400000,"REASON":"The loss of supply is to replace power poles and improve the electricity network","CRC":"2C83FAA0","EXTRACTED":1790600465548,"SHAPE__Area":25043.39453125,"SHAPE__Length":670.24799633757993}},{"type":"Feature","id":911142,"geometry":{"type":"Polygon","coordinates":[[[146.204122808913,-19.0067216403804],[146.204131132612,-19.0066272631191],[146.204214423411,-19.0062123899906],[146.204761535273,-19.0058518336664],[146.204967561608,-19.0058855327119],[146.20503141518,-19.0059003659874],[146.205185381891,-19.0059470802119],[146.205194936824,-19.0059500856505],[146.205402066605,-19.0060175601939],[146.205434504907,-19.0060294049028],[146.205608215808,-19.0060998714829],[146.205623971995,-19.0061065875052],[146.205807167523,-19.0061885083599],[146.205808268553,-19.006189002354],[146.206208330052,-19.0063690919663],[146.206226759581,-19.0063778583605],[146.206411548159,-19.0064705756385],[146.20660580572,-19.0070885684103],[146.206233740384,-19.0077297549666],[146.20595137389,-19.0079450387934],[146.205728748324,-19.0080070615598],[146.205440946162,-19.0080007878756],[146.205042772151,-19.0078707424522],[146.204644835907,-19.0077404236316],[146.204602028516,-19.007724154673],[146.204411899764,-19.0076415069284],[146.204134422834,-19.0072401694399],[146.204122808913,-19.0067216403804]]]},"properties":{"OBJECTID":911142,"EVENT_ID":"26NQ10635","TYPE":"PLANNED","STATUS":"Work scheduled","CUSTOMERS_AFFECTED":23,"SUBURBS":"PALUMA","STREETS":"MOUNT SPEC RD, MT SPEC EWAN RD, SMITH CRES","START":1790904600000,"FINISH":null,"EST_FIX_TIME":1790906400000,"REASON":"The loss of supply is to allow maintenance of the electricity network","CRC":"E9C81BD0","EXTRACTED":1790600465548,"SHAPE__Area":51856.01171875,"SHAPE__Length":833.65341251963446}},{"type":"Feature","id":911149,"geometry":{"type":"Polygon","coordinates":[[[148.172817385185,-23.5400262147455],[148.172331627949,-23.5404814523313],[148.171837864835,-23.5400335957756],[148.172323622271,-23.539578359704],[148.172817385185,-23.5400262147455]]]},"properties":{"OBJECTID":911149,"EVENT_ID":"26CA9713","TYPE":"PLANNED","STATUS":"Work scheduled","CUSTOMERS_AFFECTED":2,"SUBURBS":"EMERALD","STREETS":"GREGORY HWY, SPRINGSURE RD","START":1790892000000,"FINISH":null,"EST_FIX_TIME":1790924400000,"REASON":"The loss of supply is to allow maintenance of the electricity network","CRC":"658C4549","EXTRACTED":1790600465548,"SHAPE__Area":5978.90625,"SHAPE__Length":309.29591811637783}},{"type":"Feature","id":911152,"geometry":{"type":"Polygon","coordinates":[[[152.113892868358,-28.0766932552655],[152.113881758623,-28.0765514997328],[152.11417080244,-28.0736839205397],[152.114553324187,-28.073287405537],[152.12948326728,-28.0699839335809],[152.130087835905,-28.0705613763636],[152.126255632411,-28.080870960175],[152.125895414961,-28.0811669042857],[152.116149334219,-28.0833004093793],[152.115533572997,-28.0829652609134],[152.113892868358,-28.0766932552655]]]},"properties":{"OBJECTID":911152,"EVENT_ID":"26SW9929","TYPE":"PLANNED","STATUS":"Crews working on-site","CUSTOMERS_AFFECTED":8,"SUBURBS":"CLINTONVALE","STREETS":"DOYLES RD, GOOMBURRA RD","START":1790807400000,"FINISH":null,"EST_FIX_TIME":1790827200000,"REASON":"The loss of supply is to allow maintenance of the electricity network","CRC":"AD3383A1","EXTRACTED":1790807104440,"SHAPE__Area":1994289.4609375,"SHAPE__Length":5693.6639100873481}},{"type":"Feature","id":911154,"geometry":{"type":"Polygon","coordinates":[[[152.38150827992,-24.9971247252056],[152.381689335132,-24.9967252208888],[152.384959242956,-24.9943249079501],[152.385105221338,-24.9942508347837],[152.425735192697,-24.9812295986423],[152.42630551187,-24.9813988316408],[152.438255539161,-24.9972127953759],[152.438339833101,-24.9975159469009],[152.436818998898,-25.0104436579265],[152.436523060286,-25.0108090240859],[152.429277926743,-25.0136463154968],[152.429224934679,-25.0136638727379],[152.425074915587,-25.0147988795779],[152.425060040812,-25.014802717244],[152.420613032787,-25.0158817309791],[152.420603705686,-25.0158839054237],[152.416472692442,-25.0168079067619],[152.416447499918,-25.0168129096299],[152.385074405653,-25.0222619532681],[152.384491182747,-25.0218691337117],[152.38150827992,-24.9971247252056]]]},"properties":{"OBJECTID":911154,"EVENT_ID":"26WB7434","TYPE":"PLANNED","STATUS":"Crews working on-site","CUSTOMERS_AFFECTED":41,"SUBURBS":"KINKUNA","STREETS":"COONARR RD, DJL DR, GOODWOOD RD, THIELES RD","START":1790805840000,"FINISH":null,"EST_FIX_TIME":1790827200000,"REASON":"The loss of supply is to allow maintenance of the electricity network","CRC":"9FAC008C","EXTRACTED":1790806804042,"SHAPE__Area":21892067.33984375,"SHAPE__Length":18503.083114254405}},{"type":"Feature","id":911155,"geometry":{"type":"Polygon","coordinates":[[[146.255376728145,-20.0831285887694],[146.255357193384,-20.0828765719669],[146.255716782167,-20.0812852004863],[146.255834268754,-20.0810718492976],[146.257416376632,-20.0794645302407],[146.257510295639,-20.0793907541853],[146.259476738242,-20.0782115130015],[146.259798798422,-20.0781454606849],[146.261187994768,-20.0783278046161],[146.261330190906,-20.0783684843701],[146.264109684875,-20.0796369894592],[146.264275530582,-20.0797620842022],[146.26528357527,-20.0809560821229],[146.265380848358,-20.0813153152224],[146.265294991673,-20.081781172233],[146.265244913781,-20.0819178802298],[146.264426730178,-20.0833533358429],[146.264061086908,-20.0835878787279],[146.256284269772,-20.0844445512243],[146.255780766762,-20.0841534852548],[146.255376728145,-20.0831285887694]]]},"properties":{"OBJECTID":911155,"EVENT_ID":"26NQ11193","TYPE":"PLANNED","STATUS":"Crews working on-site","CUSTOMERS_AFFECTED":144,"SUBURBS":"CHARTERS TOWERS, CHARTERS TOWERS CITY","STREETS":"ALAND ST, BOUNDARY ST, CADDEN ST, CHURCH ST, DAYDAWN RD, DEANE ST, HIGH ST, MELVILLE ST, MYLES LANE, PAULL ST, SCHOOL ST, TOWERS ST","START":1790808660000,"FINISH":null,"EST_FIX_TIME":1790829000000,"REASON":"The loss of supply is to allow emergency maintenance of the electricity network","CRC":"CD7E07A6","EXTRACTED":1790810704895,"SHAPE__Area":597687.3203125,"SHAPE__Length":2968.0926190106852}},{"type":"Feature","id":911156,"geometry":{"type":"Polygon","coordinates":[[[149.047252027938,-21.2116333928705],[149.047102345547,-21.2111930926132],[149.053666310763,-21.1847376804094],[149.054244998503,-21.1844003795745],[149.080382716042,-21.1901398601752],[149.08066127706,-21.1908464464149],[149.061087767515,-21.2158813074998],[149.061048802724,-21.2159250509024],[149.057428340168,-21.2195037398449],[149.056759699538,-21.2195309786893],[149.047252027938,-21.2116333928705]]]},"properties":{"OBJECTID":911156,"EVENT_ID":"26MK5692","TYPE":"PLANNED","STATUS":"Crews working on-site","CUSTOMERS_AFFECTED":70,"SUBURBS":"BAKERS CREEK, GREENMOUNT, PALMYRA, SOUTH BINGERA, WALKERSTON","STREETS":"BATTAIA PL, BELLS RD, KEILBACHS RD, SCOTTS RD, STATESMAN DR, STOCKROUTE RD","START":1790806200000,"FINISH":null,"EST_FIX_TIME":1790834400000,"REASON":"The loss of supply is to allow maintenance of the electricity network","CRC":"F654539E","EXTRACTED":1790811004649,"SHAPE__Area":8655104.40625,"SHAPE__Length":12237.765556941349}},{"type":"Feature","id":911157,"geometry":{"type":"Polygon","coordinates":[[[146.197069152028,-18.9799934694161],[146.197494368614,-18.9794603199041],[146.27759909413,-18.9727335713816],[146.278062388985,-18.9733920515108],[146.274195659913,-18.9804694714405],[146.273961285576,-18.9806764090046],[146.203438972475,-19.0094040832789],[146.202785106827,-19.0090717420477],[146.197069152028,-18.9799934694161]]]},"properties":{"OBJECTID":911157,"EVENT_ID":"26NQ10866","TYPE":"PLANNED","STATUS":"Work scheduled","CUSTOMERS_AFFECTED":8,"SUBURBS":"MUTARNEE, PALUMA","STREETS":"INTAKE RD, MT SPEC EWAN RD, SPIEGELHAUER'S RD","START":1790895600000,"FINISH":null,"EST_FIX_TIME":1790899200000,"REASON":"The loss of supply is to replace power poles and improve the electricity network","CRC":"1E60309F","EXTRACTED":1790600465548,"SHAPE__Area":19226939.869140625,"SHAPE__Length":22210.182472557084}},{"type":"Feature","id":911166,"geometry":{"type":"Polygon","coordinates":[[[151.271599780962,-23.8534233699908],[151.271883462905,-23.8529305505873],[151.272204243226,-23.8527999742702],[151.272606165079,-23.8528022061162],[151.274335482539,-23.8535292187036],[151.274620134924,-23.8539028273385],[151.274797679427,-23.8559297557894],[151.274797156137,-23.8560076654729],[151.274712894765,-23.856840862582],[151.274683717243,-23.8569575617416],[151.274132620275,-23.8583069898944],[151.273919185868,-23.8585386396493],[151.2733469792,-23.8588428608932],[151.272622041667,-23.8585440334017],[151.272561335236,-23.8582740667686],[151.272559125908,-23.8582636211878],[151.271599780962,-23.8534233699908]]]},"properties":{"OBJECTID":911166,"EVENT_ID":"26CA9691","TYPE":"PLANNED","STATUS":"Work scheduled","CUSTOMERS_AFFECTED":61,"SUBURBS":"BARNEY POINT","STREETS":"BARNEY ST, BELL ST, GOLDING ST, MCCRAY ST, VISTA CT, WOOD ST, YARALLA ST","START":1790818200000,"FINISH":null,"EST_FIX_TIME":1790830800000,"REASON":"The loss of supply is to replace power poles and improve the electricity network","CRC":"776129D7","EXTRACTED":1790600465548,"SHAPE__Area":187093.59765625,"SHAPE__Length":1800.3166996908631}},{"type":"Feature","id":911171,"geometry":{"type":"Polygon","coordinates":[[[151.649387485719,-27.9018225490153],[151.649289831775,-27.901446356999],[151.650523784749,-27.896461412507],[151.651356822342,-27.8962227909625],[151.676229257463,-27.9160139067438],[151.676397086548,-27.9163758888957],[151.676148035633,-27.9201127781649],[151.675603776866,-27.9205350764537],[151.670188433134,-27.9201702856223],[151.669896793373,-27.9200630903674],[151.666997502091,-27.9178540211256],[151.666968443953,-27.9178300652928],[151.65083996386,-27.9034473218502],[151.650801740052,-27.9034091159067],[151.649387485719,-27.9018225490153]]]},"properties":{"OBJECTID":911171,"EVENT_ID":"26SW10429","TYPE":"PLANNED","STATUS":"Work scheduled","CUSTOMERS_AFFECTED":14,"SUBURBS":"CLIFTON, ELLANGOWAN","STREETS":"BOOLIGAR RD, HOGARTH RD, TOOWOOMBA-KARARA RD","START":1790893800000,"FINISH":null,"EST_FIX_TIME":1790915400000,"REASON":"The loss of supply is to replace power poles and improve the electricity network","CRC":"79BFB8E3","EXTRACTED":1790600465548,"SHAPE__Area":2975510.0859375,"SHAPE__Length":8998.0417368065773}},{"type":"Feature","id":911175,"geometry":{"type":"Polygon","coordinates":[[[145.71201210267,-17.0157150325794],[145.712012544444,-17.0155508498106],[145.712063410897,-17.0152897312401],[145.712498730442,-17.0149218098316],[145.716105206809,-17.0147271251801],[145.716195084387,-17.0147305728146],[145.717234140491,-17.0148671233697],[145.717527008138,-17.0150205770857],[145.717703516632,-17.0152184842718],[145.717811567943,-17.0154457912431],[145.717891695552,-17.0159603303941],[145.717892238494,-17.0159639148735],[145.717933341441,-17.0162431117974],[145.717930911438,-17.0163846013215],[145.717905668415,-17.0165229712968],[145.717905474394,-17.0165240274608],[145.717878937945,-17.0166674865105],[145.717510430501,-17.017031061978],[145.713318193499,-17.0178539674082],[145.712840839737,-17.0176721219528],[145.712283517924,-17.0169138898792],[145.712204916384,-17.0167339262728],[145.71201210267,-17.0157150325794]]]},"properties":{"OBJECTID":911175,"EVENT_ID":"26FN9081","TYPE":"PLANNED","STATUS":"Crews working on-site","CUSTOMERS_AFFECTED":105,"SUBURBS":"BENTLEY PARK","STREETS":"CAPRICORN ST, FITZMAURICE DR, LAIDLEY CL, LYNDON CL, SANDOVER CL, WHELA CL","START":1790809260000,"FINISH":null,"EST_FIX_TIME":1790823600000,"REASON":"The loss of supply is to allow maintenance of the electricity network","CRC":"725BA54D","EXTRACTED":1790810404221,"SHAPE__Area":189672.26953125,"SHAPE__Length":1727.5192664986687}},{"type":"Feature","id":911176,"geometry":{"type":"Polygon","coordinates":[[[145.740005091299,-16.9281659249662],[145.740662126324,-16.9282576147483],[145.740566871916,-16.9288900578853],[145.740534870602,-16.9289130606867],[145.739877833416,-16.9288213703531],[145.739973090051,-16.9281889276849],[145.740005091299,-16.9281659249662]]]},"properties":{"OBJECTID":911176,"EVENT_ID":"26FN8506","TYPE":"PLANNED","STATUS":"Work scheduled","CUSTOMERS_AFFECTED":2,"SUBURBS":"MOOROOBOOL","STREETS":"HAYWARD ST","START":1790892000000,"FINISH":null,"EST_FIX_TIME":1790924400000,"REASON":"The loss of supply is to allow maintenance of the electricity network","CRC":"4896CC98","EXTRACTED":1790600465548,"SHAPE__Area":5963.28515625,"SHAPE__Length":305.4459163920223}},{"type":"Feature","id":911178,"geometry":{"type":"Polygon","coordinates":[[[146.210387281449,-19.0112077220723],[146.209862124178,-19.0106910022892],[146.209961709024,-19.0100684987378],[146.209984149936,-19.0099840421962],[146.210274799255,-19.0092125753832],[146.210503064485,-19.0089640033136],[146.210899266759,-19.0087682992369],[146.211585706097,-19.0090891053519],[146.211670597012,-19.0095368438556],[146.211645895517,-19.0097806634111],[146.211262175336,-19.0107201128544],[146.211105521696,-19.0109171569197],[146.210861371786,-19.011092399796],[146.210630733656,-19.0111804757301],[146.210387281449,-19.0112077220723]]]},"properties":{"OBJECTID":911178,"EVENT_ID":"26NQ10632","TYPE":"PLANNED","STATUS":"Work scheduled","CUSTOMERS_AFFECTED":12,"SUBURBS":"PALUMA","STREETS":"LENNOX CRES, MT SPEC EWAN RD","START":1790901000000,"FINISH":null,"EST_FIX_TIME":1790902800000,"REASON":"The loss of supply is to allow maintenance of the electricity network","CRC":"A5868F55","EXTRACTED":1790600465548,"SHAPE__Area":39870.751953125,"SHAPE__Length":758.03451190046}},{"type":"Feature","id":911181,"geometry":{"type":"Polygon","coordinates":[[[146.207811440222,-19.0086550200132],[146.208121397281,-19.0082138320797],[146.209680346259,-19.007665593176],[146.210261750603,-19.0078723852798],[146.210703835489,-19.0086403117774],[146.210719428077,-19.0086699239606],[146.210957450704,-19.0091666280354],[146.210911443543,-19.0096170690166],[146.210550096408,-19.0100971172843],[146.210053698357,-19.0102736103369],[146.208433509922,-19.0099062866924],[146.208190122056,-19.0097685621403],[146.207956117077,-19.0095205699869],[146.207834958874,-19.0092361451226],[146.207811440222,-19.0086550200132]]]},"properties":{"OBJECTID":911181,"EVENT_ID":"26NQ10638","TYPE":"PLANNED","STATUS":"Work scheduled","CUSTOMERS_AFFECTED":22,"SUBURBS":"PALUMA","STREETS":"LENNOX CRES, MOUNT SPEC RD, MT SPEC EWAN RD, WHALLEY CRES, YALGAYGUDU SHORT RD","START":1790904600000,"FINISH":null,"EST_FIX_TIME":1790906400000,"REASON":"The loss of supply is to allow maintenance of the electricity network","CRC":"2A06B550","EXTRACTED":1790600465548,"SHAPE__Area":78363.072265625,"SHAPE__Length":1030.1513796543441}},{"type":"Feature","id":911182,"geometry":{"type":"Polygon","coordinates":[[[149.147566172849,-21.1401670383284],[149.14735171976,-21.1397685384798],[149.147808039156,-21.1311379605226],[149.147820587217,-21.1310555462416],[149.148120450139,-21.1298763862718],[149.148201460096,-21.1297129119425],[149.148482569071,-21.1293558535779],[149.148488528317,-21.1293484448303],[149.148886073654,-21.1288646245079],[149.149128231829,-21.1287080234958],[149.149188173666,-21.1286910615025],[149.149800135149,-21.1290402875573],[149.152262020719,-21.1413836242544],[149.151649717755,-21.1418988542828],[149.14932473424,-21.14123946633],[149.149197793401,-21.1411834212381],[149.147566172849,-21.1401670383284]]]},"properties":{"OBJECTID":911182,"EVENT_ID":"26MK5499","TYPE":"PLANNED","STATUS":"Work scheduled","CUSTOMERS_AFFECTED":28,"SUBURBS":"ERAKALA, FOULDEN, GLENELLA","STREETS":"BRICKWORKS CT, GLENELLA CONNECTION RD, GLENELLA RD, MACKAY BYPASS RD, ROCKLEIGH CT, TALTY RD","START":1790892000000,"FINISH":null,"EST_FIX_TIME":1790910000000,"REASON":"The loss of supply is to upgrade equipment to meet customer demand for electricity and to improve reliability of supply in the area","CRC":"51FEAEE4","EXTRACTED":1790600465548,"SHAPE__Area":546100.34375,"SHAPE__Length":3601.7196792987279}},{"type":"Feature","id":911190,"geometry":{"type":"Polygon","coordinates":[[[151.914348231661,-27.5924174674658],[151.914396798011,-27.5918787036122],[151.915303998728,-27.5909648942049],[151.915439075552,-27.5908686498048],[151.918094797256,-27.589568200416],[151.918671296421,-27.5896243364402],[151.918808660728,-27.5901263398019],[151.917080791777,-27.5940688245682],[151.916352097671,-27.5942920030089],[151.915377371216,-27.5937757884104],[151.915208546901,-27.5936294715118],[151.914348231661,-27.5924174674658]]]},"properties":{"OBJECTID":911190,"EVENT_ID":"26SW10762","TYPE":"PLANNED","STATUS":"Crews working on-site","CUSTOMERS_AFFECTED":29,"SUBURBS":"DRAYTON, HARRISTOWN, TOOWOOMBA","STREETS":"ANZAC AVE, BALL ST, BOOTHBY ST, BRITTLE ST, CAMBOOYA ST, MURDOCH ST","START":1790807400000,"FINISH":null,"EST_FIX_TIME":1790821800000,"REASON":"The loss of supply is to replace power poles and improve the electricity network","CRC":"65122575","EXTRACTED":1790805604666,"SHAPE__Area":167515.20703125,"SHAPE__Length":1656.8678649332589}},{"type":"Feature","id":911195,"geometry":{"type":"Polygon","coordinates":[[[145.404818439115,-16.4519439013236],[145.404969150316,-16.4515067637087],[145.405534426564,-16.4510334556067],[145.405863569064,-16.4509234086415],[145.408022265782,-16.4510226585488],[145.408464493901,-16.451417166916],[145.408583503323,-16.4523231703309],[145.408451045806,-16.4526985543846],[145.40800804541,-16.453128553816],[145.407657422415,-16.4532614732016],[145.405555917553,-16.4531809708419],[145.405147570441,-16.452915046242],[145.404954154712,-16.4525006526567],[145.404923506745,-16.4524109503498],[145.404818439115,-16.4519439013236]]]},"properties":{"OBJECTID":911195,"EVENT_ID":"26FN8942","TYPE":"PLANNED","STATUS":"Work scheduled","CUSTOMERS_AFFECTED":59,"SUBURBS":"COOYA BEACH","STREETS":"ALLAMANDA ST, BOUGAINVILLEA ST, THOOLEER CL","START":1790892000000,"FINISH":null,"EST_FIX_TIME":1790906400000,"REASON":"The loss of supply is to allow maintenance of the electricity network","CRC":"52870651","EXTRACTED":1790600465548,"SHAPE__Area":95910.5546875,"SHAPE__Length":1155.9019631040587}},{"type":"Feature","id":911196,"geometry":{"type":"Polygon","coordinates":[[[146.796759380942,-19.2946935873682],[146.796282920925,-19.2951449240519],[146.79580757916,-19.2946925256199],[146.796284039145,-19.294241190154],[146.796759380942,-19.2946935873682]]]},"properties":{"OBJECTID":911196,"EVENT_ID":"26NQ10507","TYPE":"PLANNED","STATUS":"Work scheduled","CUSTOMERS_AFFECTED":2,"SUBURBS":"MUNDINGBURRA","STREETS":"BOWEN RD","START":1790892000000,"FINISH":null,"EST_FIX_TIME":1790924400000,"REASON":"The loss of supply is to allow maintenance of the electricity network","CRC":"B82BF17E","EXTRACTED":1790600465548,"SHAPE__Area":5646.84375,"SHAPE__Length":300.58457451053437}},{"type":"Feature","id":911198,"geometry":{"type":"Polygon","coordinates":[[[146.635095590744,-23.6549895412838],[146.635683110656,-23.6546503698238],[146.636051313805,-23.6551915677993],[146.635991521311,-23.655431585315],[146.635403998659,-23.6557707578766],[146.635035796609,-23.6552295584167],[146.635095590744,-23.6549895412838]]]},"properties":{"OBJECTID":911198,"EVENT_ID":"26CA10036","TYPE":"PLANNED","STATUS":"Work scheduled","CUSTOMERS_AFFECTED":2,"SUBURBS":"ALPHA","STREETS":"MOORE ST","START":1790890200000,"FINISH":null,"EST_FIX_TIME":1790897400000,"REASON":"The loss of supply is to replace power poles and improve the electricity network","CRC":"34E7633F","EXTRACTED":1790600465548,"SHAPE__Area":9258.00390625,"SHAPE__Length":369.4524958024129}},{"type":"Feature","id":911209,"geometry":{"type":"Polygon","coordinates":[[[146.125849485559,-23.606325191758],[146.125061813298,-23.6059267200094],[146.12518094389,-23.6047265648725],[146.125774726779,-23.6043267498468],[146.126992625139,-23.6045748120332],[146.127186515588,-23.6053730967449],[146.125849485559,-23.606325191758]]]},"properties":{"OBJECTID":911209,"EVENT_ID":"26CA10037","TYPE":"PLANNED","STATUS":"Work scheduled","CUSTOMERS_AFFECTED":3,"SUBURBS":"JERICHO","STREETS":"DAVY ST, TYNDALL ST","START":1790901000000,"FINISH":null,"EST_FIX_TIME":1790910000000,"REASON":"The loss of supply is to replace power poles and improve the electricity network","CRC":"616CA2C7","EXTRACTED":1790802904506,"SHAPE__Area":39736.51953125,"SHAPE__Length":755.32066604228316}},{"type":"Feature","id":911213,"geometry":{"type":"Polygon","coordinates":[[[146.869077439167,-24.497328918227],[146.869020772006,-24.4967284426924],[147.011904709953,-24.3224420674337],[147.012119165043,-24.3222925433176],[147.766083749438,-24.0490888091075],[147.766123004954,-24.0490761961692],[147.921214807279,-24.0058196957627],[147.9216097937,-24.0058639419857],[148.089012606178,-24.0974775003133],[148.089215064286,-24.0976917786085],[148.094004615787,-24.1082372994431],[148.093924019334,-24.1087049745168],[147.629138899677,-24.6036860323118],[147.629068872246,-24.6037469756728],[147.496439726028,-24.6982572401939],[147.496119549012,-24.6983523103903],[147.198594487075,-24.6890112829437],[147.198507556836,-24.6890013694595],[147.177941261818,-24.6849374994435],[147.177923088675,-24.6849335773315],[147.162833995019,-24.6813999475022],[147.162811052913,-24.6813940312296],[147.044940955374,-24.6481183860569],[147.044749206605,-24.6480165480626],[146.869077439167,-24.497328918227]]]},"properties":{"OBJECTID":911213,"EVENT_ID":"26CA10401","TYPE":"PLANNED","STATUS":"Work scheduled","CUSTOMERS_AFFECTED":133,"SUBURBS":"SPRINGSURE","STREETS":"BIRTLEY RD, BUCKLAND RD, CUNGELELLA RD, DAWSON DEVELOPMENT RD, DUMP RD, FAIRVIEW ACCESS RD, FALLS CREEK RD, GLENLEE RD, GREGORY HWY, MILLTHORPE RD, MT PLAYFAIR RD, OFF TAMBO RD, QUARRY ST, STINGER LANE, TAMBO RD, TANDERRA RD, UNKNOWN ST","START":1790827200000,"FINISH":null,"EST_FIX_TIME":1790830800000,"REASON":"The loss of supply is to replace power poles and improve the electricity network","CRC":"673860EB","EXTRACTED":1790600465548,"SHAPE__Area":6125103375.4179688,"SHAPE__Length":334595.800738724}},{"type":"Feature","id":911216,"geometry":{"type":"Polygon","coordinates":[[[152.356373280274,-24.8857135283758],[152.35611523301,-24.8853056950311],[152.356152577582,-24.8840558936196],[152.356153046039,-24.8840450337732],[152.35617539185,-24.8836488650834],[152.356555230609,-24.8832339659969],[152.357798533456,-24.8829676584623],[152.357817895976,-24.8829638834238],[152.358310530417,-24.8828772287714],[152.358637385317,-24.8829226830878],[152.359882865785,-24.8835331538124],[152.360122771283,-24.8838030641867],[152.360287515179,-24.8843163203155],[152.360304429184,-24.884491961986],[152.360190186185,-24.8854389964676],[152.359747289441,-24.8858376303545],[152.35724635703,-24.8860578009574],[152.356963964183,-24.8860055276493],[152.356373280274,-24.8857135283758]]]},"properties":{"OBJECTID":911216,"EVENT_ID":"26WB8345","TYPE":"PLANNED","STATUS":"Work scheduled","CUSTOMERS_AFFECTED":70,"SUBURBS":"WALKERVALE","STREETS":"ALICE ST, BAROLIN ST, CULLEN ST, HURST ST, MCCRACKEN ST, TARGO ST, WATER ST","START":1790892000000,"FINISH":null,"EST_FIX_TIME":1790913600000,"REASON":"The loss of supply is to connect new customers to the electricity network","CRC":"FE210097","EXTRACTED":1790803205094,"SHAPE__Area":150436.63671875,"SHAPE__Length":1424.8150347651786}},{"type":"Feature","id":911219,"geometry":{"type":"Polygon","coordinates":[[[145.083898751519,-15.4094567178791],[145.084373528692,-15.408979068737],[145.085056851766,-15.4089930283985],[145.085326556314,-15.4090833383409],[145.099356130303,-15.4192937082826],[145.09953634205,-15.4197277146383],[145.098549263062,-15.4256098721131],[145.097877952432,-15.4259397852043],[145.084774823279,-15.4194582493721],[145.084521726615,-15.4190862901986],[145.084176652234,-15.4141441021341],[145.084176355787,-15.4141395096261],[145.083898751519,-15.4094567178791]]]},"properties":{"OBJECTID":911219,"EVENT_ID":"26FN8776","TYPE":"PLANNED","STATUS":"Work scheduled","CUSTOMERS_AFFECTED":26,"SUBURBS":"COOKTOWN","STREETS":"ENDEAVOUR VALLEY RD, MCIVOR RD, OLD DAIRY RD, SIR KEN MORRIS DR","START":1790892000000,"FINISH":null,"EST_FIX_TIME":1790913600000,"REASON":"The loss of supply is to replace power poles and improve the electricity network","CRC":"9C89CA1A","EXTRACTED":1790600465548,"SHAPE__Area":1741389.15234375,"SHAPE__Length":5772.0040998191516}},{"type":"Feature","id":911226,"geometry":{"type":"Polygon","coordinates":[[[146.05712109018,-17.6675096289421],[146.056683604025,-17.6669515557973],[146.058641184771,-17.6592212671069],[146.058666171515,-17.6591494640515],[146.062569938111,-17.6504395839489],[146.063113830799,-17.650178766215],[146.063473198852,-17.6506491225548],[146.062274649094,-17.6672846220514],[146.061783822575,-17.6677049412589],[146.05712109018,-17.6675096289421]]]},"properties":{"OBJECTID":911226,"EVENT_ID":"26FN8511","TYPE":"PLANNED","STATUS":"Crews working on-site","CUSTOMERS_AFFECTED":7,"SUBURBS":"COWLEY","STREETS":"EDEN RD, NEWMAN RD","START":1790807580000,"FINISH":null,"EST_FIX_TIME":1790829000000,"REASON":"The loss of supply is to connect new customers to the electricity network","CRC":"05F3FD51","EXTRACTED":1790808604112,"SHAPE__Area":833481.330078125,"SHAPE__Length":4802.4311156187441}},{"type":"Feature","id":911233,"geometry":{"type":"Polygon","coordinates":[[[147.131788385598,-19.5780403100443],[147.131686980342,-19.5773820822762],[147.134143643555,-19.5745159371857],[147.134796833741,-19.5744373618384],[147.13490981262,-19.5750521944732],[147.132750161712,-19.5781103324313],[147.132085391796,-19.5782322937762],[147.131788385598,-19.5780403100443]]]},"properties":{"OBJECTID":911233,"EVENT_ID":"26NQ10390","TYPE":"PLANNED","STATUS":"Work scheduled","CUSTOMERS_AFFECTED":3,"SUBURBS":"GIRU","STREETS":"KENSINGTON AVE","START":1790893800000,"FINISH":null,"EST_FIX_TIME":1790915400000,"REASON":"The loss of supply is to allow maintenance of the electricity network","CRC":"11488DA1","EXTRACTED":1790600465548,"SHAPE__Area":62721.765625,"SHAPE__Length":1210.3559281184725}},{"type":"Feature","id":911238,"geometry":{"type":"Polygon","coordinates":[[[151.931303572859,-27.5551963395094],[151.931755468699,-27.5556892091525],[151.931202463228,-27.5560919659034],[151.927245114894,-27.5557370330114],[151.92679323666,-27.5552441460024],[151.927346257448,-27.5548414053193],[151.931303572859,-27.5551963395094]]]},"properties":{"OBJECTID":911238,"EVENT_ID":"26SW11233","TYPE":"PLANNED","STATUS":"Work scheduled","CUSTOMERS_AFFECTED":2,"SUBURBS":"NEWTOWN","STREETS":"CHARLES ST, WEETWOOD ST","START":1790893800000,"FINISH":null,"EST_FIX_TIME":1790906400000,"REASON":"The loss of supply is to connect new customers to the electricity network","CRC":"D5CC9326","EXTRACTED":1790600465548,"SHAPE__Area":56396.15234375,"SHAPE__Length":1204.3967947837123}},{"type":"Feature","id":911239,"geometry":{"type":"Polygon","coordinates":[[[146.20570161985,-19.0080648184929],[146.205556766805,-19.0075493807514],[146.205737687211,-19.0071061614944],[146.206010154396,-19.0068479146154],[146.206380969721,-19.0067124060031],[146.206667114263,-19.0066959737233],[146.211508458134,-19.0078531435349],[146.211867422776,-19.0083077245518],[146.211474816695,-19.0087364082348],[146.207666617438,-19.0093721500465],[146.207286522617,-19.0092790061317],[146.20570161985,-19.0080648184929]]]},"properties":{"OBJECTID":911239,"EVENT_ID":"26NQ11083","TYPE":"PLANNED","STATUS":"Work scheduled","CUSTOMERS_AFFECTED":15,"SUBURBS":"PALUMA","STREETS":"MOUNT SPEC RD, MT SPEC EWAN RD, SMITH CRES, WHALLEY CRES","START":1790904600000,"FINISH":null,"EST_FIX_TIME":1790906400000,"REASON":"The loss of supply is to allow maintenance of the electricity network","CRC":"FBFE8CBF","EXTRACTED":1790600465548,"SHAPE__Area":137193.02734375,"SHAPE__Length":1628.5664734023928}},{"type":"Feature","id":911241,"geometry":{"type":"Polygon","coordinates":[[[151.952434518243,-27.5427543606987],[151.952924532727,-27.543217325981],[151.952405139999,-27.5436541065228],[151.950625199039,-27.5436079197598],[151.950135190892,-27.543144945298],[151.950654591983,-27.5427081724013],[151.952434518243,-27.5427543606987]]]},"properties":{"OBJECTID":911241,"EVENT_ID":"26SW10891","TYPE":"PLANNED","STATUS":"Work scheduled","CUSTOMERS_AFFECTED":2,"SUBURBS":"NORTH TOOWOOMBA","STREETS":"ROBSART ST","START":1790899200000,"FINISH":null,"EST_FIX_TIME":1790920800000,"REASON":"The loss of supply is to replace power poles and improve the electricity network","CRC":"39ED1573","EXTRACTED":1790600465548,"SHAPE__Area":28753.41796875,"SHAPE__Length":715.2516933408474}},{"type":"Feature","id":911246,"geometry":{"type":"Polygon","coordinates":[[[147.704745476599,-24.3697941042857],[147.704898816995,-24.3694579202792],[147.85560873166,-24.2380991936346],[147.855658727102,-24.2380609929207],[147.936351439318,-24.1842292735032],[147.936365661855,-24.1842201254472],[148.019613238229,-24.1326173365641],[148.019693809447,-24.1325768498366],[148.082422341431,-24.1077113842955],[148.082548660555,-24.1076787766327],[148.087707713069,-24.1070095493],[148.087924767246,-24.1070260872053],[148.110251475692,-24.1134995495714],[148.110381452616,-24.1135576745069],[148.154684929243,-24.1414157407787],[148.154894819733,-24.1417300171581],[148.154951012058,-24.1421263641877],[148.154951199652,-24.1421277030016],[148.170442529821,-24.2538920119737],[148.170439189905,-24.2540263250718],[148.133536008391,-24.4483855945318],[148.133369797578,-24.4486519835898],[148.073253326402,-24.4954695319706],[148.073021889608,-24.4955698321378],[147.735839130401,-24.5512559126123],[147.735446236987,-24.5511659499116],[147.731894488317,-24.5486027922543],[147.731714153369,-24.5483269515107],[147.705683920045,-24.4135701681707],[147.705676493476,-24.4135004189077],[147.704745476599,-24.3697941042857]]]},"properties":{"OBJECTID":911246,"EVENT_ID":"26CA10112","TYPE":"PLANNED","STATUS":"Crews working on-site","CUSTOMERS_AFFECTED":655,"SUBURBS":"SPRINGSURE","STREETS":"AIRPORT DR, AVOCA RD, BARCOO ST, BILL LANE DR, BUCKLAND RD, CAIRDBEIGN ST, CHARLES ST, COMET LANE, COMET ST, CONA CREEK RD, DALMALLY RD, DAME ST, DAWSON DEVELOPMENT RD, DAWSON HWY, EAST ST, ECLIPSE LANE, ECLIPSE ST, EIGHT MILE LANE, GAP LANE, GAP RD, GAP ST, GREGORY ST, LEICHHARDT ST, NORTH CALLIOPE ST, NORTH ST, OFF CONA CK RD, OFF DAWSON HWY, OFF RAINBOW ST, OLD ROLLESTON RD, PINNACLE ST, PORPHYRY ST, QUARRY ST, RACECOURSE RD, RAINBOW ST, RAINWORTH ST, ROLLESTON RD, SOUTH CALLIOPE ST, SOUTH ST, SPRING ST, STAR ST, TAMBO RD, TANDERRA RD, THE CRESCENT, TWO TANKS RD, UNKNOWN ST, WADDY ST, WEALWANDANGIE RD, WEST ST, WILLIAM ST, WOOD ST, WOODBINE ST, ZAMIA ST","START":1790808420000,"FINISH":null,"EST_FIX_TIME":1790829000000,"REASON":"The loss of supply is to replace power poles and improve the electricity network","CRC":"25940DD0","EXTRACTED":1790809208198,"SHAPE__Area":1873275603.90625,"SHAPE__Length":170114.5370323665}},{"type":"Feature","id":911252,"geometry":{"type":"Polygon","coordinates":[[[145.747513262397,-16.9132005339072],[145.747040870049,-16.9136495317802],[145.746574451528,-16.9131947833876],[145.747046843691,-16.9127457865707],[145.747513262397,-16.9132005339072]]]},"properties":{"OBJECTID":911252,"EVENT_ID":"26FN8559","TYPE":"PLANNED","STATUS":"Work scheduled","CUSTOMERS_AFFECTED":5,"SUBURBS":"MANUNDA","STREETS":"MACDONNELL ST","START":1790892000000,"FINISH":null,"EST_FIX_TIME":1790924400000,"REASON":"The loss of supply is to allow maintenance of the electricity network","CRC":"A7F9549B","EXTRACTED":1790600465548,"SHAPE__Area":5494.8671875,"SHAPE__Length":296.51228933222404}},{"type":"Feature","id":911258,"geometry":{"type":"Polygon","coordinates":[[[150.458978539933,-23.4437792781613],[150.459081162081,-23.4434720622632],[150.459712707772,-23.4427265394738],[150.460168118709,-23.4425579838262],[150.460905901152,-23.4426569664229],[150.461145932274,-23.4427548611253],[150.461961070568,-23.4433730823302],[150.462001129071,-23.4434070833899],[150.462183422384,-23.4435800658517],[150.462314465118,-23.4439720459628],[150.461717591588,-23.4471238520237],[150.461232851902,-23.4474971738397],[150.461029707575,-23.4474959197676],[150.460980886975,-23.4474933614498],[150.459888892684,-23.4473853650785],[150.459471702982,-23.4470630255821],[150.459165571459,-23.4460927515555],[150.459147855496,-23.4460049791472],[150.459099973606,-23.4454862522921],[150.459099258561,-23.4454774990062],[150.458978539933,-23.4437792781613]]]},"properties":{"OBJECTID":911258,"EVENT_ID":"26CA9377","TYPE":"PLANNED","STATUS":"Work scheduled","CUSTOMERS_AFFECTED":88,"SUBURBS":"GRACEMERE","STREETS":"ANNA ST, CONAGHAN ST, HICKS CL, HUTCHINGS ST, LANDERER CL, MCCARTHY ST","START":1790893800000,"FINISH":null,"EST_FIX_TIME":1790915400000,"REASON":"The loss of supply is to replace power poles and improve the electricity network","CRC":"680FA7FB","EXTRACTED":1790600465548,"SHAPE__Area":175175.38671875,"SHAPE__Length":1596.9865814736797}},{"type":"Feature","id":911261,"geometry":{"type":"Polygon","coordinates":[[[145.594309501533,-17.233614134699],[145.594854103049,-17.2339807800721],[145.594472567753,-17.2345041289617],[145.593076526646,-17.2347403336448],[145.592531926911,-17.234373683579],[145.592913467088,-17.2338503387441],[145.594309501533,-17.233614134699]]]},"properties":{"OBJECTID":911261,"EVENT_ID":"26FN9187","TYPE":"PLANNED","STATUS":"Work scheduled","CUSTOMERS_AFFECTED":2,"SUBURBS":"BARRINE","STREETS":"WELCH RD","START":1790899200000,"FINISH":null,"EST_FIX_TIME":1790910000000,"REASON":"The loss of supply is to replace power poles and improve the electricity network","CRC":"A618C0C9","EXTRACTED":1790600465548,"SHAPE__Area":22133.140625,"SHAPE__Length":612.65150262907014}},{"type":"Feature","id":911262,"geometry":{"type":"Polygon","coordinates":[[[148.245520667381,-20.012255204069],[148.246196553054,-20.0122564349007],[148.246195252314,-20.0128952889496],[148.246126764877,-20.0129597750091],[148.245450876183,-20.0129585440712],[148.245452179916,-20.0123196898719],[148.245520667381,-20.012255204069]]]},"properties":{"OBJECTID":911262,"EVENT_ID":"26NQ11370","TYPE":"PLANNED","STATUS":"Work scheduled","CUSTOMERS_AFFECTED":4,"SUBURBS":"BOWEN","STREETS":"POWELL ST","START":1790892000000,"FINISH":null,"EST_FIX_TIME":1790906400000,"REASON":"The loss of supply is to allow emergency maintenance of the electricity network","CRC":"BC9031B0","EXTRACTED":1790600465548,"SHAPE__Area":6846.52734375,"SHAPE__Length":323.43995043553093}},{"type":"Feature","id":911264,"geometry":{"type":"Polygon","coordinates":[[[152.654972960225,-25.638298302365],[152.655522832899,-25.6376400812722],[152.661692972319,-25.6390102202297],[152.662070764606,-25.6394315616891],[152.662326300866,-25.6461628995978],[152.661532734452,-25.6465381209256],[152.659153198817,-25.6449201885571],[152.659019090037,-25.6447818728112],[152.654972960225,-25.638298302365]]]},"properties":{"OBJECTID":911264,"EVENT_ID":"26WB7741","TYPE":"PLANNED","STATUS":"Crews working on-site","CUSTOMERS_AFFECTED":8,"SUBURBS":"TEDDINGTON, TINANA","STREETS":"LAWGALL RD, TEDDINGTON RD","START":1790805600000,"FINISH":null,"EST_FIX_TIME":1790829000000,"REASON":"The loss of supply is to replace power poles and improve the electricity network","CRC":"7865019F","EXTRACTED":1790804404275,"SHAPE__Area":502882.23046875,"SHAPE__Length":3080.5299336630542}},{"type":"Feature","id":911265,"geometry":{"type":"Polygon","coordinates":[[[151.872676120753,-27.7346876086323],[151.872149403599,-27.7345027933348],[151.872145293223,-27.7339990166645],[151.881136969614,-27.7219625134257],[151.881227848696,-27.7218708367973],[151.887512421989,-27.7170469028319],[151.887794296207,-27.7169397005968],[151.90434870681,-27.7155203187429],[151.904557591842,-27.7155414630195],[151.908288645139,-27.7166514384948],[151.908445730448,-27.7174286950073],[151.905805667342,-27.7193227540995],[151.905765482115,-27.7193487911013],[151.883010862033,-27.7326170871051],[151.882843263794,-27.7326799983107],[151.872676120753,-27.7346876086323]]]},"properties":{"OBJECTID":911265,"EVENT_ID":"26SW11277","TYPE":"PLANNED","STATUS":"Work scheduled","CUSTOMERS_AFFECTED":13,"SUBURBS":"CAMBOOYA","STREETS":"CAMBOOYA CONNECTION RD, HENNESSY RD","START":1790893800000,"FINISH":null,"EST_FIX_TIME":1790915400000,"REASON":"The loss of supply is to replace power poles and improve the electricity network","CRC":"2C0EF946","EXTRACTED":1790600465548,"SHAPE__Area":4080802.37109375,"SHAPE__Length":9925.88627677655}},{"type":"Feature","id":911266,"geometry":{"type":"Polygon","coordinates":[[[146.763230882777,-19.2981940474549],[146.762774803215,-19.2975725645719],[146.763634509831,-19.2955600981648],[146.763923399679,-19.295301778177],[146.764661805436,-19.2950652662179],[146.764821178851,-19.2950416128839],[146.764958235728,-19.2950435968039],[146.764977385762,-19.2950442403312],[146.765072368606,-19.2950492517448],[146.765502769815,-19.2953737003208],[146.766015016468,-19.2970384019856],[146.765761482714,-19.297573697633],[146.764550268962,-19.2981169554937],[146.764362066885,-19.298160021156],[146.763230882777,-19.2981940474549]]]},"properties":{"OBJECTID":911266,"EVENT_ID":"26NQ10939","TYPE":"PLANNED","STATUS":"Crews working on-site","CUSTOMERS_AFFECTED":46,"SUBURBS":"AITKENVALE","STREETS":"BARNARD ST, ELIZABETH ST, ROSS RIVER RD, WOTTON ST","START":1790807400000,"FINISH":null,"EST_FIX_TIME":1790830800000,"REASON":"The loss of supply is to allow maintenance of the electricity network","CRC":"6B3855AD","EXTRACTED":1790814907568,"SHAPE__Area":94473.2578125,"SHAPE__Length":1153.8988828123618}},{"type":"Feature","id":911272,"geometry":{"type":"Polygon","coordinates":[[[151.264106309849,-23.8496101202148],[151.264305125607,-23.8502205223542],[151.263641472337,-23.8504033852506],[151.263408904287,-23.8502880967233],[151.263210092394,-23.8496776928422],[151.263873743044,-23.8494948322408],[151.264106309849,-23.8496101202148]]]},"properties":{"OBJECTID":911272,"EVENT_ID":"26CA9655","TYPE":"PLANNED","STATUS":"Work scheduled","CUSTOMERS_AFFECTED":2,"SUBURBS":"GLADSTONE","STREETS":"OFF LANE","START":1790892000000,"FINISH":null,"EST_FIX_TIME":1790924400000,"REASON":"The loss of supply is to allow maintenance of the electricity network","CRC":"4B3E2F75","EXTRACTED":1790600465548,"SHAPE__Area":9206.94140625,"SHAPE__Length":368.24993379441315}},{"type":"Feature","id":911275,"geometry":{"type":"Polygon","coordinates":[[[149.19649675851,-21.3890301386711],[149.196687563106,-21.3886225331319],[149.204805204545,-21.3829355133518],[149.205535451426,-21.3831158519268],[149.214024391399,-21.4012601425716],[149.214059497927,-21.401508901929],[149.213275579074,-21.4063595733115],[149.212674501239,-21.4067281923551],[149.199878673739,-21.4035271762595],[149.199868501266,-21.4035245189248],[149.199063055945,-21.403305179408],[149.198832276903,-21.4031661769409],[149.198037675218,-21.4023015918202],[149.197923495116,-21.4020531667621],[149.19649675851,-21.3890301386711]]]},"properties":{"OBJECTID":911275,"EVENT_ID":"26MK5242","TYPE":"PLANNED","STATUS":"Crews working on-site","CUSTOMERS_AFFECTED":54,"SUBURBS":"SARINA","STREETS":"BRUCE HWY, CAROL CT, COLLINS AVE, GUTSCHLAG RD, HOMEBUSH RD, MACKAY RD, MALIN RD, SARINA HOMEBUSH RD, STELLA CT","START":1790806800000,"FINISH":null,"EST_FIX_TIME":1790830800000,"REASON":"The loss of supply is to connect new customers to the electricity network","CRC":"25964989","EXTRACTED":1790811004649,"SHAPE__Area":3572973.796875,"SHAPE__Length":7664.4987225057357}},{"type":"Feature","id":911278,"geometry":{"type":"Polygon","coordinates":[[[146.445150079865,-24.2414329633284],[146.44517532141,-24.2412002912497],[146.560633416447,-23.9601277490606],[146.560746436711,-23.9599670078575],[146.574581528877,-23.9472958919599],[146.575375738789,-23.9474288783442],[146.575703200896,-23.9480909661945],[146.575723050644,-23.948137878177],[146.623145259504,-24.0816922044757],[146.623159746365,-24.0817426854025],[146.670473180291,-24.2959090760562],[146.670244054661,-24.2963859323985],[146.559734408243,-24.3571715969557],[146.559130348316,-24.3571018379408],[146.451460589677,-24.2572338870653],[146.451437329051,-24.2572107247349],[146.448803263467,-24.2543968666244],[146.448737117526,-24.2543058749927],[146.446868924459,-24.2509044807331],[146.446822804929,-24.2507745418264],[146.445150079865,-24.2414329633284]]]},"properties":{"OBJECTID":911278,"EVENT_ID":"26CA9556","TYPE":"PLANNED","STATUS":"Work scheduled","CUSTOMERS_AFFECTED":18,"SUBURBS":"ALPHA","STREETS":"ALPHA-TAMBO RD, OFF TAMBO RD, TAMBO RD","START":1790890200000,"FINISH":null,"EST_FIX_TIME":1790915400000,"REASON":"The loss of supply is to allow maintenance of the electricity network","CRC":"FB8B3383","EXTRACTED":1790600465548,"SHAPE__Area":685850973.8359375,"SHAPE__Length":116510.22227697569}},{"type":"Feature","id":911285,"geometry":{"type":"Polygon","coordinates":[[[144.282165081703,-23.4437582630666],[144.281566528177,-23.4438947511632],[144.281298899122,-23.4433822631819],[144.281784178768,-23.4414957961621],[144.281790814725,-23.4414727317242],[144.282271798629,-23.4399631286756],[144.282805527545,-23.4396431217308],[144.283229892216,-23.4400808542027],[144.283278914264,-23.4422204531387],[144.283206681875,-23.4424661666708],[144.28315243386,-23.442547646761],[144.283126099653,-23.4425832648411],[144.282165081703,-23.4437582630666]]]},"properties":{"OBJECTID":911285,"EVENT_ID":"26CA9423","TYPE":"PLANNED","STATUS":"Work scheduled","CUSTOMERS_AFFECTED":6,"SUBURBS":"LONGREACH","STREETS":"ILFRACOMBE RD, LANDSBOROUGH HWY","START":1790823600000,"FINISH":null,"EST_FIX_TIME":1790838000000,"REASON":"The loss of supply is to allow maintenance of the electricity network","CRC":"F1909119","EXTRACTED":1790600465548,"SHAPE__Area":70945.6796875,"SHAPE__Length":1194.1621017900613}},{"type":"Feature","id":911286,"geometry":{"type":"Polygon","coordinates":[[[145.401049633322,-17.4122865603649],[145.400658976717,-17.412803847455],[145.400120153488,-17.4124288043506],[145.40010630889,-17.4123454240572],[145.400496965865,-17.4118281380753],[145.401035788301,-17.4122031801013],[145.401049633322,-17.4122865603649]]]},"properties":{"OBJECTID":911286,"EVENT_ID":"26FN8593","TYPE":"PLANNED","STATUS":"Work scheduled","CUSTOMERS_AFFECTED":2,"SUBURBS":"WONDECLA","STREETS":"ROLLEY RD","START":1790892000000,"FINISH":null,"EST_FIX_TIME":1790924400000,"REASON":"The loss of supply is to allow maintenance of the electricity network","CRC":"911BB17A","EXTRACTED":1790600465548,"SHAPE__Area":6554.72265625,"SHAPE__Length":316.95839347521866}},{"type":"Feature","id":911288,"geometry":{"type":"Polygon","coordinates":[[[145.740869584416,-16.951578187308],[145.741305349916,-16.952060360983],[145.740804362324,-16.9524797628286],[145.740580359945,-16.9524647520154],[145.740144595547,-16.9519825768722],[145.740645583089,-16.9515631766361],[145.740869584416,-16.951578187308]]]},"properties":{"OBJECTID":911288,"EVENT_ID":"26FN8840","TYPE":"PLANNED","STATUS":"Work scheduled","CUSTOMERS_AFFECTED":2,"SUBURBS":"WOREE","STREETS":"PISA ST","START":1790893800000,"FINISH":null,"EST_FIX_TIME":1790901000000,"REASON":"The loss of supply is to replace power poles and improve the electricity network","CRC":"758B48C4","EXTRACTED":1790600465548,"SHAPE__Area":8126.07421875,"SHAPE__Length":346.56582617741839}},{"type":"Feature","id":911291,"geometry":{"type":"Polygon","coordinates":[[[141.209181352925,-17.2893400991876],[141.209037500775,-17.289961090863],[141.208391092959,-17.289822893372],[141.206573991194,-17.287077823444],[141.206717845698,-17.2864568352746],[141.207364239458,-17.2865950343232],[141.209181352925,-17.2893400991876]]]},"properties":{"OBJECTID":911291,"EVENT_ID":"26FN9125","TYPE":"PLANNED","STATUS":"Work scheduled","CUSTOMERS_AFFECTED":2,"SUBURBS":"NORMANTON","STREETS":"UNKNOWN ST","START":1790895600000,"FINISH":null,"EST_FIX_TIME":1790910000000,"REASON":"The loss of supply is to allow emergency maintenance of the electricity network","CRC":"62AB44ED","EXTRACTED":1790600465548,"SHAPE__Area":45007.337890625,"SHAPE__Length":1052.9847569933415}},{"type":"Feature","id":911294,"geometry":{"type":"Polygon","coordinates":[[[146.934777392904,-19.609730555523],[146.934709727097,-19.6092494341918],[146.935381649765,-19.607877341703],[146.935783844481,-19.607616607594],[146.965602834211,-19.6058135826737],[146.965767560893,-19.6058309636063],[147.010280613916,-19.6182095530945],[147.010620492367,-19.6186916578863],[147.008666813237,-19.635831315685],[147.008637342482,-19.6359460807665],[147.006693176695,-19.6406988135859],[147.00669037489,-19.6407055040561],[146.998285057242,-19.6603169049078],[146.997550646461,-19.6605038273751],[146.952078384684,-19.6270503545373],[146.952048134116,-19.6270261167539],[146.943618241665,-19.6196810037924],[146.943576160479,-19.619639334529],[146.934777392904,-19.609730555523]]]},"properties":{"OBJECTID":911294,"EVENT_ID":"26NQ10500","TYPE":"PLANNED","STATUS":"Crews working on-site","CUSTOMERS_AFFECTED":38,"SUBURBS":"MAJORS CREEK, WOODSTOCK","STREETS":"OLD COACH RD, WOODSTOCK GIRU RD","START":1790807580000,"FINISH":null,"EST_FIX_TIME":1790829000000,"REASON":"The loss of supply is to allow maintenance of the electricity network","CRC":"0333AC38","EXTRACTED":1790810404221,"SHAPE__Area":28490351.21484375,"SHAPE__Length":23348.096596682775}},{"type":"Feature","id":911299,"geometry":{"type":"Polygon","coordinates":[[[139.506004764117,-20.7273165034972],[139.506177868555,-20.726961814926],[139.506373524634,-20.7268098622703],[139.506748722342,-20.7267123712688],[139.507606435876,-20.7268352788644],[139.50787418174,-20.7275932822607],[139.50684098668,-20.7285798045646],[139.506024939549,-20.7282739785982],[139.506004764117,-20.7273165034972]]]},"properties":{"OBJECTID":911299,"EVENT_ID":"26NQ11236","TYPE":"PLANNED","STATUS":"Work scheduled","CUSTOMERS_AFFECTED":5,"SUBURBS":"TOWNVIEW","STREETS":"CORELLA ST, EMU ST, KOOKABURRA ST","START":1790892000000,"FINISH":null,"EST_FIX_TIME":1790913600000,"REASON":"The loss of supply is to replace power poles and improve the electricity network","CRC":"6C428A96","EXTRACTED":1790600465548,"SHAPE__Area":33489.26171875,"SHAPE__Length":685.887985927434}},{"type":"Feature","id":911302,"geometry":{"type":"Polygon","coordinates":[[[145.466350904528,-28.8947791093137],[145.466014823863,-28.894289141562],[145.510562565627,-28.6229890827677],[145.510563015881,-28.6229863898303],[145.536605662752,-28.4701599440409],[145.536635231268,-28.4700622979406],[145.689726309605,-28.1237918772704],[145.690177862332,-28.1235052088623],[146.846185779884,-28.0730825797668],[146.846721941542,-28.0735434561155],[146.832481616247,-28.6306311906844],[146.832433332346,-28.6308126132175],[146.643332184313,-28.985157832868],[146.642880962237,-28.9854166719996],[146.121954426006,-28.9961104226315],[146.121915564182,-28.9961098509492],[145.730042313349,-28.976705868501],[145.729901623059,-28.9766810226222],[145.466350904528,-28.8947791093137]]]},"properties":{"OBJECTID":911302,"EVENT_ID":"26SW11019","TYPE":"PLANNED","STATUS":"Work scheduled","CUSTOMERS_AFFECTED":92,"SUBURBS":"CUNNAMULLA","STREETS":"BALONNE HWY, CAMDEN RD, CUTTABURRA RD, GAMARREN RD, GLENTUCKIE RD, JOBS GATE RD, MITCHELL HWY, MUNDA MUNDA RD, MURRA MURRA RD, OLD BOURKE RD, ROBINA DOWNS RD, TALBAREA RD, THURULGOONA RD, UNKNOWN RD, WAVERLY-MINTAKA RD, WEIR RD, WIDGEEGOARA RD","START":1790895600000,"FINISH":null,"EST_FIX_TIME":1790906400000,"REASON":"The loss of supply is to upgrade equipment to meet customer demand for electricity and to improve reliability of supply in the area","CRC":"2D0AD254","EXTRACTED":1790600465548,"SHAPE__Area":15528639106.777344,"SHAPE__Length":483557.72793729708}},{"type":"Feature","id":911307,"geometry":{"type":"Polygon","coordinates":[[[148.878897153157,-23.5724730605314],[148.879175619718,-23.5718916501806],[148.883228599462,-23.5704246957539],[148.88389718612,-23.5708570986101],[148.883849205426,-23.5724922899346],[148.883629699749,-23.5728566753082],[148.881665337582,-23.5740535470133],[148.881401341782,-23.5741283511079],[148.881011595884,-23.5741328082353],[148.880764156249,-23.5740742169291],[148.879382036908,-23.5733526836486],[148.879165934222,-23.5731210870991],[148.878897153157,-23.5724730605314]]]},"properties":{"OBJECTID":911307,"EVENT_ID":"26CA9933","TYPE":"PLANNED","STATUS":"Work scheduled","CUSTOMERS_AFFECTED":23,"SUBURBS":"BLACKWATER","STREETS":"ELM ST, FIG ST, KURRAJONG ST","START":1790892000000,"FINISH":null,"EST_FIX_TIME":1790895600000,"REASON":"The loss of supply is to allow maintenance of the electricity network","CRC":"399FF42D","EXTRACTED":1790600465548,"SHAPE__Area":162421.22265625,"SHAPE__Length":1565.9717425567305}},{"type":"Feature","id":911309,"geometry":{"type":"Polygon","coordinates":[[[150.353623700693,-27.6759917176419],[150.353016210412,-27.675495017127],[150.363265882994,-27.6022242740477],[150.363275100651,-27.6021780943114],[150.364294126267,-27.5982660977111],[150.364951334535,-27.5979416580463],[150.473864912341,-27.6312075597825],[150.474029591211,-27.6312912012289],[150.475990820567,-27.632782496021],[150.475958228793,-27.6334908848791],[150.433276458693,-27.6608901911156],[150.433085824463,-27.6609653860029],[150.353623700693,-27.6759917176419]]]},"properties":{"OBJECTID":911309,"EVENT_ID":"26SW5904","TYPE":"PLANNED","STATUS":"Work scheduled","CUSTOMERS_AFFECTED":9,"SUBURBS":"MOONIE, TARA","STREETS":"LEICHHARDT HWY, MOONIE HWY, OLD MOONIE RD","START":1790893800000,"FINISH":null,"EST_FIX_TIME":1790915400000,"REASON":"The loss of supply is to replace power poles and improve the electricity network","CRC":"6FE2C371","EXTRACTED":1790600465548,"SHAPE__Area":76397785.0625,"SHAPE__Length":38121.798377134393}},{"type":"Feature","id":911320,"geometry":{"type":"Polygon","coordinates":[[[150.523533820719,-23.3402412249093],[150.524166763854,-23.3404963571897],[150.523890462724,-23.3410808071379],[150.523813306218,-23.3411087521974],[150.523180360478,-23.3408536187709],[150.523456664575,-23.3402691697451],[150.523533820719,-23.3402412249093]]]},"properties":{"OBJECTID":911320,"EVENT_ID":"26CA9551","TYPE":"PLANNED","STATUS":"Work scheduled","CUSTOMERS_AFFECTED":2,"SUBURBS":"NORMAN GARDENS","STREETS":"HATTE ST","START":1790892000000,"FINISH":null,"EST_FIX_TIME":1790924400000,"REASON":"The loss of supply is to allow maintenance of the electricity network","CRC":"04EC9B17","EXTRACTED":1790600465548,"SHAPE__Area":6952.90625,"SHAPE__Length":326.8601957545863}},{"type":"Feature","id":911321,"geometry":{"type":"Polygon","coordinates":[[[152.22211882417,-24.9730026421614],[152.22202518681,-24.9723851154944],[152.223762796984,-24.9702027140844],[152.223769446514,-24.9701945576028],[152.227176877022,-24.966111872127],[152.227310954425,-24.9660011344702],[152.228816055159,-24.9651564372708],[152.229416274049,-24.9652146124864],[152.233234181622,-24.9685470220724],[152.233355088789,-24.968714257572],[152.235663323589,-24.9743331746021],[152.235648602112,-24.9746808114329],[152.232904097383,-24.9800575299591],[152.232150580181,-24.9802209196999],[152.22211882417,-24.9730026421614]]]},"properties":{"OBJECTID":911321,"EVENT_ID":"26WB8357","TYPE":"PLANNED","STATUS":"Work scheduled","CUSTOMERS_AFFECTED":21,"SUBURBS":"SOUTH BINGERA","STREETS":"CHILDERS RD, WILLDORA DR, WOLLOMBI PL","START":1790893800000,"FINISH":null,"EST_FIX_TIME":1790911800000,"REASON":"The loss of supply is to allow emergency maintenance of the electricity network","CRC":"33784FAB","EXTRACTED":1790600465548,"SHAPE__Area":1601919.16015625,"SHAPE__Length":4954.5226266697118}},{"type":"Feature","id":911327,"geometry":{"type":"Polygon","coordinates":[[[152.376759760064,-24.930363530316],[152.377381709821,-24.9300750502739],[152.377698081007,-24.9306421721642],[152.377445133108,-24.9313504140339],[152.376823177706,-24.9316388953662],[152.376506806692,-24.9310717714022],[152.376759760064,-24.930363530316]]]},"properties":{"OBJECTID":911327,"EVENT_ID":"26WB8196","TYPE":"PLANNED","STATUS":"Work scheduled","CUSTOMERS_AFFECTED":2,"SUBURBS":"ALLOWAY","STREETS":"GOODWOOD RD, THOMASENS RD","START":1790890200000,"FINISH":null,"EST_FIX_TIME":1790908200000,"REASON":"The loss of supply is to connect new customers to the electricity network","CRC":"8E1F1BC7","EXTRACTED":1790600465548,"SHAPE__Area":16111.97265625,"SHAPE__Length":494.35143263068164}},{"type":"Feature","id":911332,"geometry":{"type":"Polygon","coordinates":[[[145.354620215037,-17.0625979055638],[145.354638003574,-17.0619775475588],[145.357003373029,-17.059698888955],[145.357755993085,-17.0598162883903],[145.363013264307,-17.0699434949346],[145.362874299585,-17.0705071748877],[145.362272875711,-17.070475961197],[145.360316579276,-17.0687235523603],[145.360286536709,-17.0686940625773],[145.354620215037,-17.0625979055638]]]},"properties":{"OBJECTID":911332,"EVENT_ID":"26FN8998","TYPE":"PLANNED","STATUS":"Crews working on-site","CUSTOMERS_AFFECTED":6,"SUBURBS":"CHEWKO","STREETS":"HEALY RD","START":1790807400000,"FINISH":null,"EST_FIX_TIME":1790829000000,"REASON":"The loss of supply is to allow maintenance of the electricity network","CRC":"72BA94B6","EXTRACTED":1790806804042,"SHAPE__Area":405323.48046875,"SHAPE__Length":3234.8299960218324}},{"type":"Feature","id":911339,"geometry":{"type":"Polygon","coordinates":[[[149.16015170866,-21.1447841140073],[149.160877756916,-21.1443652564254],[149.161308557765,-21.1446054805702],[149.161537585883,-21.1450666204712],[149.161401786997,-21.1458438669236],[149.161018528654,-21.1462140639893],[149.160515502458,-21.1460051956467],[149.160318130799,-21.1457003010605],[149.16028323215,-21.1456350080847],[149.160228142741,-21.1455070327392],[149.160194245331,-21.1453687160268],[149.16015170866,-21.1447841140073]]]},"properties":{"OBJECTID":911339,"EVENT_ID":"26MK5214","TYPE":"PLANNED","STATUS":"Work scheduled","CUSTOMERS_AFFECTED":15,"SUBURBS":"WEST MACKAY","STREETS":"HUME ST, NESS ST","START":1791064800000,"FINISH":null,"EST_FIX_TIME":1791090000000,"REASON":"The loss of supply is to replace power poles and improve the electricity network","CRC":"DBB2E494","EXTRACTED":1790632804674,"SHAPE__Area":24229.0390625,"SHAPE__Length":582.8240698450752}},{"type":"Feature","id":911340,"geometry":{"type":"Polygon","coordinates":[[[149.163197266273,-21.1465445740025],[149.162888450544,-21.1458022699034],[149.163184225047,-21.1454787482846],[149.163634852371,-21.1453283385782],[149.165467998678,-21.1456381049129],[149.165751732985,-21.1463722426095],[149.165578132015,-21.1465668089994],[149.165183631222,-21.146727873613],[149.164595241771,-21.1466986374181],[149.16456420753,-21.1466961484326],[149.163197266273,-21.1465445740025]]]},"properties":{"OBJECTID":911340,"EVENT_ID":"26MK5215","TYPE":"PLANNED","STATUS":"Work scheduled","CUSTOMERS_AFFECTED":12,"SUBURBS":"WEST MACKAY","STREETS":"CEMETERY RD, HOLLAND ST","START":1791064800000,"FINISH":null,"EST_FIX_TIME":1791090000000,"REASON":"The loss of supply is to replace power poles and improve the electricity network","CRC":"BB3D9FF1","EXTRACTED":1790632804674,"SHAPE__Area":39869.7421875,"SHAPE__Length":800.0391919324411}},{"type":"Feature","id":911341,"geometry":{"type":"Polygon","coordinates":[[[145.106312263722,-15.4674973063025],[145.106098645192,-15.4681017468767],[145.105475390982,-15.4678945754654],[145.096075800705,-15.4492693856809],[145.096289421303,-15.4486649549089],[145.096912608027,-15.4488721450046],[145.106312263722,-15.4674973063025]]]},"properties":{"OBJECTID":911341,"EVENT_ID":"26FN8794","TYPE":"PLANNED","STATUS":"Work scheduled","CUSTOMERS_AFFECTED":2,"SUBURBS":"COOKTOWN","STREETS":"FLAGGY RD","START":1791064800000,"FINISH":null,"EST_FIX_TIME":1791086400000,"REASON":"The loss of supply is to replace power poles and improve the electricity network","CRC":"237B20F8","EXTRACTED":1790632804674,"SHAPE__Area":253816.67578125,"SHAPE__Length":5078.5749679416485}},{"type":"Feature","id":911440,"geometry":{"type":"Polygon","coordinates":[[[146.125806820531,-23.605583335751],[146.125967109288,-23.6062046691846],[146.125292848953,-23.6063523751748],[146.122826523698,-23.6049526313345],[146.122666251173,-23.6043312950441],[146.123340503636,-23.6041836002045],[146.125806820531,-23.605583335751]]]},"properties":{"OBJECTID":911440,"EVENT_ID":"26CA10035","TYPE":"PLANNED","STATUS":"Work scheduled","CUSTOMERS_AFFECTED":2,"SUBURBS":"JERICHO","STREETS":"DAVY ST, EDISON ST","START":1790820000000,"FINISH":null,"EST_FIX_TIME":1790825400000,"REASON":"The loss of supply is to replace power poles and improve the electricity network","CRC":"1E34D4A5","EXTRACTED":1790802904506,"SHAPE__Area":41365.08984375,"SHAPE__Length":955.36093167732042}},{"type":"Feature","id":911441,"geometry":{"type":"Polygon","coordinates":[[[152.218474160183,-24.8914744369904],[152.217825765698,-24.8909702191893],[152.219983666426,-24.8799895790769],[152.220091142034,-24.8797799355046],[152.220389811793,-24.879454824639],[152.220654214418,-24.8793059733044],[152.239350267225,-24.8752652295515],[152.23978951136,-24.8753649712557],[152.247469172543,-24.8815166005394],[152.247306542685,-24.8822795165755],[152.218474160183,-24.8914744369904]]]},"properties":{"OBJECTID":911441,"EVENT_ID":"26WB8174","TYPE":"PLANNED","STATUS":"Work scheduled","CUSTOMERS_AFFECTED":14,"SUBURBS":"SHARON, SOUTH KOLAN","STREETS":"MANOO RD, RAINES RD, USSHERS RD","START":1791235800000,"FINISH":null,"EST_FIX_TIME":1791257400000,"REASON":"The loss of supply is to replace power poles and improve the electricity network","CRC":"27484F45","EXTRACTED":1790803805471,"SHAPE__Area":3539485.7109375,"SHAPE__Length":8406.5896725700914}},{"type":"Feature","id":911442,"geometry":{"type":"Polygon","coordinates":[[[146.79627193025,-19.2856495629253],[146.796303272006,-19.2852700876077],[146.796467829436,-19.2849927065388],[146.796829650483,-19.2847654078315],[146.797589708948,-19.2846848429108],[146.798100379308,-19.2852570181002],[146.798002833152,-19.2855841712046],[146.797728963199,-19.2858777947042],[146.797003143489,-19.2861667635766],[146.796373181951,-19.2859077376299],[146.79627193025,-19.2856495629253]]]},"properties":{"OBJECTID":911442,"EVENT_ID":"26NQ11464","TYPE":"PLANNED","STATUS":"Work scheduled","CUSTOMERS_AFFECTED":12,"SUBURBS":"HERMIT PARK, HYDE PARK, MYSTERTON","STREETS":"CHARTERS TOWERS RD","START":1791235800000,"FINISH":null,"EST_FIX_TIME":1791252000000,"REASON":"The loss of supply is to connect new customers to the electricity network","CRC":"8917E383","EXTRACTED":1790803805471,"SHAPE__Area":25561.28515625,"SHAPE__Length":587.01292223573466}},{"type":"Feature","id":911443,"geometry":{"type":"Polygon","coordinates":[[[146.74889720506,-19.2694058149096],[146.74834383521,-19.2695082187385],[146.748075957819,-19.2690371255285],[146.748298169437,-19.2675279675665],[146.748800242737,-19.267139624594],[146.749245207781,-19.2675863748754],[146.74925751713,-19.2688537180404],[146.749131718088,-19.2691639990506],[146.74889720506,-19.2694058149096]]]},"properties":{"OBJECTID":911443,"EVENT_ID":"26NQ11283","TYPE":"PLANNED","STATUS":"Work scheduled","CUSTOMERS_AFFECTED":5,"SUBURBS":"GARBUTT, MOUNT LOUISA","STREETS":"MATHER ST, WOOLCOCK ST","START":1791237600000,"FINISH":null,"EST_FIX_TIME":1791252000000,"REASON":"The loss of supply is to allow emergency maintenance of the electricity network","CRC":"28DC4AEB","EXTRACTED":1790805604666,"SHAPE__Area":27933.2578125,"SHAPE__Length":677.36933927236907}},{"type":"Feature","id":911444,"geometry":{"type":"Polygon","coordinates":[[[152.697781107512,-25.6495034183498],[152.697180832761,-25.6496710659168],[152.696880359192,-25.6491711035626],[152.69706860736,-25.6482676060377],[152.697124341285,-25.6481295672655],[152.699923967477,-25.6436455524642],[152.700486274538,-25.643433191325],[152.700851761268,-25.6438749322186],[152.700825663179,-25.6452219834444],[152.700742848499,-25.6454629446222],[152.697781107512,-25.6495034183498]]]},"properties":{"OBJECTID":911444,"EVENT_ID":"26WB8309","TYPE":"PLANNED","STATUS":"Work scheduled","CUSTOMERS_AFFECTED":7,"SUBURBS":"BIDWILL, MAGNOLIA","STREETS":"BIDWILL RD, POWERLINE RD","START":1791237600000,"FINISH":null,"EST_FIX_TIME":1791261000000,"REASON":"The loss of supply is to replace power poles and improve the electricity network","CRC":"CB68C4E8","EXTRACTED":1790805604666,"SHAPE__Area":129257.9765625,"SHAPE__Length":1838.6868189407865}},{"type":"Feature","id":911445,"geometry":{"type":"Polygon","coordinates":[[[149.160096927202,-21.1528767706575],[149.160063403141,-21.1522853833738],[149.160415322502,-21.151861919185],[149.161038038231,-21.1517498719677],[149.161238742198,-21.1523141021409],[149.161000255686,-21.1528476481736],[149.160210358067,-21.1529868514868],[149.160096927202,-21.1528767706575]]]},"properties":{"OBJECTID":911445,"EVENT_ID":"26MK5507","TYPE":"PLANNED","STATUS":"Work scheduled","CUSTOMERS_AFFECTED":3,"SUBURBS":"WEST MACKAY","STREETS":"FERGUSON ST","START":1791237600000,"FINISH":null,"EST_FIX_TIME":1791244800000,"REASON":"The loss of supply is to replace power poles and improve the electricity network","CRC":"543733EE","EXTRACTED":1790805604666,"SHAPE__Area":14307.375,"SHAPE__Length":452.89978344591168}},{"type":"Feature","id":911446,"geometry":{"type":"Polygon","coordinates":[[[150.122581647012,-27.7150029878263],[150.122462761814,-27.7145863249572],[150.188889950189,-27.4809716876009],[150.188982667762,-27.4808036056657],[150.216260370576,-27.449862155441],[150.216612357058,-27.4496917791599],[150.3135103251,-27.4418800446746],[150.313992209464,-27.4421014992699],[150.316723720198,-27.4462702358985],[150.316786162933,-27.4464249613685],[150.335073087489,-27.5460211105683],[150.335034830464,-27.5462797172961],[150.243248243731,-27.7269399396984],[150.242910724304,-27.7271910798285],[150.208330035622,-27.7349532822836],[150.208260792647,-27.7349643339876],[150.149456675088,-27.7406252262331],[150.149030102574,-27.7404829298524],[150.122581647012,-27.7150029878263]]]},"properties":{"OBJECTID":911446,"EVENT_ID":"26SW9670","TYPE":"PLANNED","STATUS":"Work scheduled","CUSTOMERS_AFFECTED":39,"SUBURBS":"MOONIE, TARA, THE GUMS","STREETS":"BULLOCK HEAD RD, GREEN AND WHITES RD, LEICHHARDT HWY, MOONIE HWY, OLD MOONIE RD, SOUTHGLEN RD, SUSSEX DOWNS RD, WILLIS RD","START":1791237600000,"FINISH":null,"EST_FIX_TIME":1791259200000,"REASON":"The loss of supply is to replace power poles and improve the electricity network","CRC":"F1FFE65F","EXTRACTED":1790805604666,"SHAPE__Area":569547275.30859375,"SHAPE__Length":99435.722310710786}},{"type":"Feature","id":911447,"geometry":{"type":"Polygon","coordinates":[[[149.156246159324,-21.0217667761429],[149.155806068728,-21.0211816729433],[149.155985037381,-21.0206408132419],[149.156433230758,-21.0203233900212],[149.156896444527,-21.0206211962396],[149.157075170723,-21.0210851280491],[149.156786179141,-21.0216634067563],[149.156546123104,-21.0217447309606],[149.156363796322,-21.0217711723862],[149.156246159324,-21.0217667761429]]]},"properties":{"OBJECTID":911447,"EVENT_ID":"26MK5299","TYPE":"PLANNED","STATUS":"Work scheduled","CUSTOMERS_AFFECTED":13,"SUBURBS":"SHOAL POINT","STREETS":"HOMESTEAD BAY AVE","START":1791237600000,"FINISH":null,"EST_FIX_TIME":1791270000000,"REASON":"The loss of supply is to allow maintenance of the electricity network","CRC":"6D4E7F37","EXTRACTED":1790805604666,"SHAPE__Area":16371.6640625,"SHAPE__Length":474.97268556142274}},{"type":"Feature","id":911449,"geometry":{"type":"Polygon","coordinates":[[[144.189120586094,-20.8463922390812],[144.189773325424,-20.8465679162676],[144.189586442572,-20.8471815163164],[144.188909592226,-20.8475345380357],[144.188256850292,-20.8473588572071],[144.188443738671,-20.8467452592624],[144.189120586094,-20.8463922390812]]]},"properties":{"OBJECTID":911449,"EVENT_ID":"26NQ11202","TYPE":"PLANNED","STATUS":"Crews working on-site","CUSTOMERS_AFFECTED":2,"SUBURBS":"HUGHENDEN","STREETS":"GEARY ST","START":1790806680000,"FINISH":null,"EST_FIX_TIME":1790827200000,"REASON":"The loss of supply is to connect new customers to the electricity network","CRC":"C95333A1","EXTRACTED":1790810704895,"SHAPE__Area":15010.86328125,"SHAPE__Length":475.79249745802554}},{"type":"Feature","id":911450,"geometry":{"type":"Polygon","coordinates":[[[148.430696326227,-20.4936147224152],[148.430452352974,-20.4931192803596],[148.430457054334,-20.4930989782788],[148.430514881294,-20.4929620439607],[148.438589124911,-20.4803427122307],[148.438721430328,-20.4802080926541],[148.453156792491,-20.4705121979024],[148.453495283671,-20.4704319064701],[148.463959264484,-20.4716818699674],[148.464207782645,-20.4717845057597],[148.464426288658,-20.4719579506567],[148.464482729543,-20.4720109052254],[148.467852795572,-20.4757476339346],[148.467944198024,-20.4761774674629],[148.467116656946,-20.4786211100368],[148.466881616607,-20.4788843037129],[148.439516672899,-20.4923252446898],[148.439503714418,-20.4923313750006],[148.434425549984,-20.4946436741031],[148.434303347883,-20.4946812766849],[148.433374813307,-20.4948415288682],[148.433064078372,-20.494796390151],[148.430696326227,-20.4936147224152]]]},"properties":{"OBJECTID":911450,"EVENT_ID":"26MK5685","TYPE":"PLANNED","STATUS":"Crews working on-site","CUSTOMERS_AFFECTED":24,"SUBURBS":"GOORGANGA, KELSEY CREEK, SILVER CREEK","STREETS":"KELSEY CREEK RD, KURKOWSKI RD, SILVER CREEK RD","START":1790806500000,"FINISH":null,"EST_FIX_TIME":1790830800000,"REASON":"The loss of supply is to upgrade equipment to meet customer demand for electricity and to improve reliability of supply in the area","CRC":"A17DA2B7","EXTRACTED":1790811004649,"SHAPE__Area":5437859.96875,"SHAPE__Length":10617.970424474179}},{"type":"Feature","id":911451,"geometry":{"type":"Polygon","coordinates":[[[149.239124473562,-21.7374616511715],[149.23857985555,-21.7375709263995],[149.238286955572,-21.7371282474252],[149.239118327206,-21.7243370586906],[149.23922709616,-21.7240780448391],[149.24384289769,-21.7188220734026],[149.243928116829,-21.7187461630379],[149.244376265361,-21.7184348105923],[149.244916328655,-21.7184118064099],[149.245141098187,-21.7188712444323],[149.242447222306,-21.7339861989214],[149.242325817643,-21.7342180734719],[149.239124473562,-21.7374616511715]]]},"properties":{"OBJECTID":911451,"EVENT_ID":"26MK5054","TYPE":"PLANNED","STATUS":"Work scheduled","CUSTOMERS_AFFECTED":11,"SUBURBS":"KOUMALA","STREETS":"SANGIORGIO RD, WOOD RD","START":1791239400000,"FINISH":null,"EST_FIX_TIME":1791261000000,"REASON":"The loss of supply is to connect new customers to the electricity network","CRC":"C076C20C","EXTRACTED":1790807404468,"SHAPE__Area":936175.80078125,"SHAPE__Length":5096.3228708506758}},{"type":"Feature","id":911452,"geometry":{"type":"Polygon","coordinates":[[[151.865354791089,-26.5577075875248],[151.865221496417,-26.5569120471472],[151.866241034165,-26.5562643411239],[151.866271673523,-26.5562463487074],[151.868218458832,-26.5551923251381],[151.868677801171,-26.5551657865303],[151.873770796147,-26.5571760537434],[151.874069907866,-26.5576032267141],[151.873739866445,-26.5580115639832],[151.870796370582,-26.5589688227901],[151.870640696219,-26.5589954601959],[151.869897526647,-26.5590148866624],[151.869727492196,-26.5589928066733],[151.865354791089,-26.5577075875248]]]},"properties":{"OBJECTID":911452,"EVENT_ID":"26WB7113","TYPE":"PLANNED","STATUS":"Work scheduled","CUSTOMERS_AFFECTED":25,"SUBURBS":"BOOIE, KINGAROY","STREETS":"BELLA VISTA AVE, MELISSA AVE, REDMANS RD, SORENSEN ST, TARONG DR","START":1791239400000,"FINISH":null,"EST_FIX_TIME":1791253800000,"REASON":"The loss of supply is to upgrade equipment to meet customer demand for electricity and to improve reliability of supply in the area","CRC":"7DFAD66B","EXTRACTED":1790807404468,"SHAPE__Area":285607.2265625,"SHAPE__Length":2273.6499673055896}},{"type":"Feature","id":911453,"geometry":{"type":"Polygon","coordinates":[[[149.229218302852,-26.4982368491037],[149.229123289495,-26.4975963813363],[149.306849352121,-26.4084028335406],[149.307241282044,-26.408230025293],[149.335530427122,-26.4081064438767],[149.336016474897,-26.4086756735168],[149.321458579781,-26.4570044149869],[149.321443124199,-26.4570471526921],[149.287673370131,-26.536653253925],[149.286905431096,-26.536854337516],[149.229218302852,-26.4982368491037]]]},"properties":{"OBJECTID":911453,"EVENT_ID":"26SW11268","TYPE":"PLANNED","STATUS":"Work scheduled","CUSTOMERS_AFFECTED":15,"SUBURBS":"WALLUMBILLA, WALLUMBILLA NORTH","STREETS":"CHADFORD RD, CLELAND'S RD, COTTAGE CREEK RD, KANGAROO CREEK RD, MT EVERDALE RD, WALLUMBILLA NORTH RD","START":1791239400000,"FINISH":null,"EST_FIX_TIME":1791261000000,"REASON":"The loss of supply is to replace power poles and improve the electricity network","CRC":"5EF0E015","EXTRACTED":1790807404468,"SHAPE__Area":87029520.00390625,"SHAPE__Length":42362.089624798013}},{"type":"Feature","id":911454,"geometry":{"type":"Polygon","coordinates":[[[145.616553101598,-16.8047701421077],[145.616080711814,-16.8052188401076],[145.615614875318,-16.8047638301234],[145.6160872649,-16.8043151331721],[145.616553101598,-16.8047701421077]]]},"properties":{"OBJECTID":911454,"EVENT_ID":"26FN9135","TYPE":"PLANNED","STATUS":"Work scheduled","CUSTOMERS_AFFECTED":2,"SUBURBS":"KURANDA","STREETS":"MYOLA RD","START":1791239400000,"FINISH":null,"EST_FIX_TIME":1791246600000,"REASON":"The loss of supply is to allow maintenance of the electricity network","CRC":"67FC587F","EXTRACTED":1790807404468,"SHAPE__Area":5488.111328125,"SHAPE__Length":296.32993169997843}},{"type":"Feature","id":911455,"geometry":{"type":"Polygon","coordinates":[[[150.007773250565,-24.6506794671549],[150.008231723949,-24.6511604438156],[150.007705446545,-24.6515794543899],[149.987966030562,-24.6503359917749],[149.987507631328,-24.6498549454332],[149.988033977768,-24.6494359999283],[150.007773250565,-24.6506794671549]]]},"properties":{"OBJECTID":911455,"EVENT_ID":"26CA10403","TYPE":"PLANNED","STATUS":"Work scheduled","CUSTOMERS_AFFECTED":2,"SUBURBS":"MOURA","STREETS":"THEODORE BARALABA RD, THEODORE MOURA RD","START":1791239400000,"FINISH":null,"EST_FIX_TIME":1791261000000,"REASON":"The loss of supply is to allow maintenance of the electricity network","CRC":"C15B3C90","EXTRACTED":1790807404468,"SHAPE__Area":249442.17578125,"SHAPE__Length":4716.9498281697761}},{"type":"Feature","id":911456,"geometry":{"type":"Polygon","coordinates":[[[145.42081119072,-16.9906161290147],[145.421024212827,-16.9901491418763],[145.421553743116,-16.990170646971],[145.4217860269,-16.9903377096849],[145.421942584745,-16.9908632531694],[145.421458336927,-16.9911492022134],[145.421254916503,-16.9911296879695],[145.420840054331,-16.990763677937],[145.42081119072,-16.9906161290147]]]},"properties":{"OBJECTID":911456,"EVENT_ID":"26FN9238","TYPE":"PLANNED","STATUS":"Work scheduled","CUSTOMERS_AFFECTED":3,"SUBURBS":"MAREEBA","STREETS":"JACOBSEN ST, RAILWAY AVE","START":1791239400000,"FINISH":null,"EST_FIX_TIME":1791255600000,"REASON":"The loss of supply is to allow emergency maintenance of the electricity network","CRC":"D4E2DDFD","EXTRACTED":1790807404468,"SHAPE__Area":10527.728515625,"SHAPE__Length":380.68324491644648}},{"type":"Feature","id":911457,"geometry":{"type":"Polygon","coordinates":[[[150.756582935934,-23.2311685343531],[150.756631913549,-23.2307244375092],[150.757024499791,-23.2302156906377],[150.757319044704,-23.2300367112404],[150.763816236154,-23.2287443570692],[150.764305378308,-23.2289100050153],[150.769939966965,-23.2356706779619],[150.769954678226,-23.2362022706171],[150.76941120016,-23.2363770124431],[150.759688871185,-23.233637292617],[150.759540929335,-23.2335684253576],[150.757661747323,-23.232282896198],[150.757648299524,-23.2322733578571],[150.756914265407,-23.2317337282075],[150.756771806298,-23.2315632447634],[150.756582935934,-23.2311685343531]]]},"properties":{"OBJECTID":911457,"EVENT_ID":"26CA9829","TYPE":"PLANNED","STATUS":"Work scheduled","CUSTOMERS_AFFECTED":53,"SUBURBS":"TANBY","STREETS":"KEPPEL FARM LANE, KEPPEL VIEW DR, RIDGELINE DR, TRADE WIND DR","START":1791239400000,"FINISH":null,"EST_FIX_TIME":1791253800000,"REASON":"The loss of supply is to replace power poles and improve the electricity network","CRC":"06F837A9","EXTRACTED":1790807404468,"SHAPE__Area":693119.66796875,"SHAPE__Length":3723.1943032039062}},{"type":"Feature","id":911458,"geometry":{"type":"Polygon","coordinates":[[[149.933177214541,-27.7930809356496],[149.93291584664,-27.7923108714165],[150.029330856932,-27.7103481188198],[150.030107916977,-27.7104312343843],[150.069784793221,-27.765662859205],[150.069524883452,-27.7663314096654],[149.972365293268,-27.7964729996828],[149.972155410843,-27.7964964685911],[149.938739088494,-27.7939586895312],[149.93869353313,-27.7939533661148],[149.933177214541,-27.7930809356496]]]},"properties":{"OBJECTID":911458,"EVENT_ID":"26SW9778","TYPE":"PLANNED","STATUS":"Crews working on-site","CUSTOMERS_AFFECTED":13,"SUBURBS":"GOONDIWINDI, SOUTHWOOD, TARA","STREETS":"APELTS RD, NINDATHANA RD, OLD MOONIE RD, PHILLIPS RD, RIPPLE DOWNS RD, SOUTHWOOD RD","START":1790807400000,"FINISH":null,"EST_FIX_TIME":1790829000000,"REASON":"The loss of supply is to replace power poles and improve the electricity network","CRC":"08822A2E","EXTRACTED":1790807703774,"SHAPE__Area":72901734.69921875,"SHAPE__Length":39239.091171849082}},{"type":"Feature","id":911459,"geometry":{"type":"Polygon","coordinates":[[[148.541463620117,-23.6055126723855],[148.541052783476,-23.6051407697226],[148.541309555819,-23.6046657395519],[148.544135034272,-23.6033087307229],[148.544347054007,-23.603257809649],[148.546413809633,-23.6032016919455],[148.546812750607,-23.6033731744382],[148.54766597279,-23.6043687988795],[148.547769320613,-23.6046069045621],[148.547814890934,-23.6050594469919],[148.547423962293,-23.6055437388696],[148.546233712078,-23.6057650978512],[148.546191372401,-23.6057712098774],[148.54462745902,-23.605932766649],[148.544500512592,-23.6059306250178],[148.541463620117,-23.6055126723855]]]},"properties":{"OBJECTID":911459,"EVENT_ID":"26CA10295","TYPE":"PLANNED","STATUS":"Crews working on-site","CUSTOMERS_AFFECTED":23,"SUBURBS":"COMET","STREETS":"BALLARD ST, CORIO ST, RODEO GROUNDS RD, SHAKESPEARE ST","START":1790807400000,"FINISH":null,"EST_FIX_TIME":1790821800000,"REASON":"The loss of supply is to connect new customers to the electricity network","CRC":"BBA1C726","EXTRACTED":1790807703774,"SHAPE__Area":180159.7578125,"SHAPE__Length":1771.8916042504986}},{"type":"Feature","id":911461,"geometry":{"type":"Polygon","coordinates":[[[149.25638286374,-21.3881020756296],[149.255870024202,-21.3876066639098],[149.256640513353,-21.3804076727175],[149.25681512743,-21.38010311226],[149.271086842949,-21.3691790699855],[149.271418153057,-21.3690778526366],[149.284646642786,-21.3697549248728],[149.284947737072,-21.3698743783178],[149.287096368189,-21.371737017276],[149.287100791318,-21.3717409002406],[149.300165099768,-21.3833536558126],[149.30022322679,-21.3834157255369],[149.301074239845,-21.384512464435],[149.300717676132,-21.3852282302314],[149.25638286374,-21.3881020756296]]]},"properties":{"OBJECTID":911461,"EVENT_ID":"26MK5597","TYPE":"PLANNED","STATUS":"Crews working on-site","CUSTOMERS_AFFECTED":123,"SUBURBS":"SARINA, SARINA BEACH","STREETS":"CILLA HILL CT, FINATO RD, GRASSTREE RD, HERTA LANE, MIFSUD DR, NURSERY RD, SARINA BEACH RD","START":1790809740000,"FINISH":null,"EST_FIX_TIME":1790829000000,"REASON":"The loss of supply is to upgrade equipment to meet customer demand for electricity and to improve reliability of supply in the area","CRC":"86ABD109","EXTRACTED":1790810704895,"SHAPE__Area":7579429.94921875,"SHAPE__Length":12146.225447637586}},{"type":"Feature","id":911462,"geometry":{"type":"Polygon","coordinates":[[[146.77919088708,-19.5882540464157],[146.779269412615,-19.5879224842365],[146.780787667747,-19.5858473321219],[146.781333482247,-19.5856771910991],[146.790146822211,-19.5885287415726],[146.790378588168,-19.588690874138],[146.811131269797,-19.6157720494956],[146.811076278005,-19.6163630031452],[146.801567164674,-19.6250426764478],[146.800898242007,-19.6250358863606],[146.782688075805,-19.6076849206656],[146.782555816984,-19.6074403999506],[146.77919088708,-19.5882540464157]]]},"properties":{"OBJECTID":911462,"EVENT_ID":"26NQ10801","TYPE":"PLANNED","STATUS":"Crews working on-site","CUSTOMERS_AFFECTED":6,"SUBURBS":"CALCIUM, WOODSTOCK","STREETS":"GHOST GUM RD, JONES RD, ROWE RD","START":1790808540000,"FINISH":null,"EST_FIX_TIME":1790829000000,"REASON":"The loss of supply is to replace power poles and improve the electricity network","CRC":"CDECC3BD","EXTRACTED":1790810404221,"SHAPE__Area":7955843.1328125,"SHAPE__Length":12250.5777300042}},{"type":"Feature","id":911463,"geometry":{"type":"Polygon","coordinates":[[[141.743349833031,-20.6544905536491],[141.743192198703,-20.6539465318219],[141.743530458787,-20.653215240102],[141.743919250042,-20.6529472303188],[141.744111280184,-20.6529283521851],[141.744122592215,-20.6529273678105],[141.744327147024,-20.6529118713703],[141.744383608539,-20.6529107428288],[141.744597204206,-20.6529183556736],[141.744854321109,-20.6530000427594],[141.746695113486,-20.6542192889274],[141.74689552747,-20.6546343075877],[141.746778579519,-20.6556851172696],[141.746110127293,-20.656050138157],[141.744943460097,-20.6555662995361],[141.744855451659,-20.6555187235606],[141.743349833031,-20.6544905536491]]]},"properties":{"OBJECTID":911463,"EVENT_ID":"26NQ11348","TYPE":"PLANNED","STATUS":"Crews working on-site","CUSTOMERS_AFFECTED":23,"SUBURBS":"JULIA CREEK","STREETS":"BYRNE ST, JULIA ST, SHAW ST","START":1790805600000,"FINISH":null,"EST_FIX_TIME":1790823600000,"REASON":"The loss of supply is to allow emergency maintenance of the electricity network","CRC":"4BFA31C0","EXTRACTED":1790808305408,"SHAPE__Area":96760.828125,"SHAPE__Length":1199.4671205347997}},{"type":"Feature","id":911465,"geometry":{"type":"Polygon","coordinates":[[[145.591775103549,-17.2650952559227],[145.591773328025,-17.2650400445186],[145.591785049747,-17.2646681527499],[145.591854357523,-17.2644453921578],[145.592052260578,-17.2641357330685],[145.592063313608,-17.2641192513095],[145.592269785447,-17.2638255662489],[145.592288971703,-17.2638002177791],[145.59264383422,-17.2633640274713],[145.592646390662,-17.2633609133956],[145.592944303297,-17.2630012739915],[145.593205993426,-17.2628424983997],[145.593607978929,-17.2627529089132],[145.593703001025,-17.2627413520887],[145.594058554575,-17.2627331858726],[145.594289028535,-17.2627851623567],[145.594515660198,-17.2628999099863],[145.594616957778,-17.2629690221644],[145.595000847913,-17.263312603195],[145.595029676422,-17.2633407641746],[145.595663190232,-17.2640162857644],[145.595621283427,-17.2646606491115],[145.59432289495,-17.2657385089815],[145.594250981498,-17.2657876886709],[145.594040157734,-17.2659049058672],[145.593917887324,-17.2659523632694],[145.592924155125,-17.2661893058222],[145.592921843333,-17.2661898510685],[145.592801415791,-17.266217944088],[145.592425997141,-17.2661524828626],[145.592079910042,-17.2659263362553],[145.591912689938,-17.2657319615166],[145.591845233137,-17.2655819887711],[145.591808636759,-17.2654442758578],[145.591775103549,-17.2650952559227]]]},"properties":{"OBJECTID":911465,"EVENT_ID":"26FN8926","TYPE":"PLANNED","STATUS":"Work scheduled","CUSTOMERS_AFFECTED":50,"SUBURBS":"YUNGABURRA","STREETS":"COOLIBAH CL, OLEANDER DR","START":1791241200000,"FINISH":null,"EST_FIX_TIME":1791257400000,"REASON":"The loss of supply is to replace power poles and improve the electricity network","CRC":"409E36E6","EXTRACTED":1790809208198,"SHAPE__Area":123717.279296875,"SHAPE__Length":1294.5108717957869}},{"type":"Feature","id":911466,"geometry":{"type":"Polygon","coordinates":[[[146.177116091349,-28.5767021787912],[146.17719918417,-28.5759423909335],[146.349500256036,-28.4991517313596],[146.349882060615,-28.4991234228486],[146.832119736187,-28.6301893444382],[146.832307759432,-28.6309600680018],[146.659570195474,-28.7645206005682],[146.659140106779,-28.7646249223583],[146.387758938079,-28.7203403726664],[146.387539876205,-28.7202539471417],[146.177116091349,-28.5767021787912]]]},"properties":{"OBJECTID":911466,"EVENT_ID":"26SW11173","TYPE":"PLANNED","STATUS":"Work scheduled","CUSTOMERS_AFFECTED":13,"SUBURBS":"CUNNAMULLA","STREETS":"JOBS GATE RD, MUNDA MUNDA RD, WIDGEEGOARA RD","START":1791241200000,"FINISH":null,"EST_FIX_TIME":1791262800000,"REASON":"The loss of supply is to replace power poles and improve the electricity network","CRC":"E0C8F1E1","EXTRACTED":1790809208198,"SHAPE__Area":1322740747.4179688,"SHAPE__Length":164048.724932827}},{"type":"Feature","id":911467,"geometry":{"type":"Polygon","coordinates":[[[152.208084557759,-25.1567520655578],[152.207676764727,-25.156280249012],[152.207799202293,-25.1545309777604],[152.207827262279,-25.1544075828555],[152.208045508107,-25.1538540743215],[152.208132948585,-25.1537159235359],[152.208317889131,-25.153516373654],[152.209077917549,-25.1535209434264],[152.20931928898,-25.153788474711],[152.209428770546,-25.1541222282991],[152.209348954885,-25.1547970245651],[152.209348747067,-25.154798750256],[152.209324958159,-25.1549928333155],[152.209146763554,-25.1564367556454],[152.208569777972,-25.1568297326161],[152.208084557759,-25.1567520655578]]]},"properties":{"OBJECTID":911467,"EVENT_ID":"26WB8359","TYPE":"PLANNED","STATUS":"Crews working on-site","CUSTOMERS_AFFECTED":19,"SUBURBS":"CORDALBA","STREETS":"LEONARD CT","START":1790809200000,"FINISH":null,"EST_FIX_TIME":1790823600000,"REASON":"The loss of supply is to allow emergency maintenance of the electricity network","CRC":"3497B970","EXTRACTED":1790809503785,"SHAPE__Area":62885.3046875,"SHAPE__Length":1020.1336869142249}},{"type":"Feature","id":911468,"geometry":{"type":"Polygon","coordinates":[[[149.151582168853,-21.0190477785066],[149.151353560401,-21.0185286025828],[149.151840568518,-21.0182022314007],[149.152803141018,-21.0182489024834],[149.152896396826,-21.0182621195284],[149.153620378272,-21.0184342738119],[149.153674513964,-21.0184503949992],[149.154084025315,-21.018597856651],[149.154390441247,-21.0189756896466],[149.154417586746,-21.0192376016934],[149.154392878506,-21.0194304137845],[149.154260641819,-21.019785358018],[149.153624436938,-21.0200540703967],[149.153217310194,-21.0198974475241],[149.15316602479,-21.0198743015919],[149.151582168853,-21.0190477785066]]]},"properties":{"OBJECTID":911468,"EVENT_ID":"26MK5931","TYPE":"PLANNED","STATUS":"Crews working on-site","CUSTOMERS_AFFECTED":14,"SUBURBS":"BUCASIA, SHOAL POINT","STREETS":"MIDRAS PL, SCHOONER AVE","START":1790809380000,"FINISH":null,"EST_FIX_TIME":1790827200000,"REASON":"The loss of supply is to connect new customers to the electricity network","CRC":"AB076346","EXTRACTED":1790809503785,"SHAPE__Area":48874.25,"SHAPE__Length":880.78584732648983}},{"type":"Feature","id":911470,"geometry":{"type":"Polygon","coordinates":[[[151.913913609046,-27.5945308189004],[151.913863962954,-27.5943495197709],[151.913812542562,-27.592846239151],[151.914533775319,-27.5924257908952],[151.915851792969,-27.5929821601966],[151.915893625765,-27.5930020106092],[151.916868346578,-27.5935182221754],[151.917114750987,-27.5939278379961],[151.917043501813,-27.5951835118306],[151.916549697064,-27.5956107660081],[151.916001867763,-27.595621133349],[151.915904276256,-27.5956145313657],[151.915582001903,-27.5955644141304],[151.915513040294,-27.5955491707375],[151.914474949175,-27.5952492568867],[151.914175484056,-27.5950161353291],[151.913913609046,-27.5945308189004]]]},"properties":{"OBJECTID":911470,"EVENT_ID":"26SW10767","TYPE":"PLANNED","STATUS":"Crews working on-site","CUSTOMERS_AFFECTED":18,"SUBURBS":"DRAYTON","STREETS":"ANZAC AVE, BOOTHBY ST, CAMBOOYA ST, GLENNIE ST, PARKER ST","START":1790811240000,"FINISH":null,"EST_FIX_TIME":1790829000000,"REASON":"The loss of supply is to replace power poles and improve the electricity network","CRC":"4D3A2AD9","EXTRACTED":1790811605167,"SHAPE__Area":110618.984375,"SHAPE__Length":1245.4061291757855}},{"type":"Feature","id":911472,"geometry":{"type":"Polygon","coordinates":[[[139.755726483759,-17.9576632948023],[139.755717549436,-17.9570517704465],[139.756354250153,-17.9569998868108],[139.962802073894,-18.1117361614828],[139.962935427494,-18.1122847474408],[139.958847190067,-18.1203803789199],[139.958122491652,-18.1205287930259],[139.755770119503,-17.9577031711478],[139.755733487426,-17.9576702924567],[139.755726483759,-17.9576632948023]]]},"properties":{"OBJECTID":911472,"EVENT_ID":"26FN9192","TYPE":"PLANNED","STATUS":"Work scheduled","CUSTOMERS_AFFECTED":4,"SUBURBS":"NORMANTON","STREETS":"UNKNOWN ST","START":1791244800000,"FINISH":null,"EST_FIX_TIME":1791259200000,"REASON":"The loss of supply is to upgrade equipment to meet customer demand for electricity and to improve reliability of supply in the area","CRC":"7D651AAA","EXTRACTED":1790812804444,"SHAPE__Area":18160352.833984375,"SHAPE__Length":60121.805586275463}},{"type":"Feature","id":911473,"geometry":{"type":"Polygon","coordinates":[[[149.161748552061,-21.1531055520186],[149.161360684165,-21.1536302452591],[149.160801360887,-21.1532663906909],[149.160779365049,-21.153152397133],[149.161167234043,-21.1526277051299],[149.161726555545,-21.1529915586421],[149.161748552061,-21.1531055520186]]]},"properties":{"OBJECTID":911473,"EVENT_ID":"26MK5510","TYPE":"PLANNED","STATUS":"Work scheduled","CUSTOMERS_AFFECTED":2,"SUBURBS":"WEST MACKAY","STREETS":"FERGUSON ST","START":1791244800000,"FINISH":null,"EST_FIX_TIME":1791259200000,"REASON":"The loss of supply is to replace power poles and improve the electricity network","CRC":"B95F28A9","EXTRACTED":1790812804444,"SHAPE__Area":7256.37109375,"SHAPE__Length":331.61773046026872}},{"type":"Feature","id":911476,"geometry":{"type":"Polygon","coordinates":[[[139.504452033908,-20.7099477641784],[139.503831502315,-20.709735752265],[139.504031509785,-20.7091437861877],[139.505827223387,-20.7082254296147],[139.506237746189,-20.708205345509],[139.506448508957,-20.7082877841348],[139.506458521538,-20.7091118442605],[139.504452033908,-20.7099477641784]]]},"properties":{"OBJECTID":911476,"EVENT_ID":"26NQ11426","TYPE":"PLANNED","STATUS":"Work scheduled","CUSTOMERS_AFFECTED":3,"SUBURBS":"SUNSET","STREETS":"BETA ST, CARINA AVE","START":1791248400000,"FINISH":null,"EST_FIX_TIME":1791262800000,"REASON":"The loss of supply is to replace power poles and improve the electricity network","CRC":"04F3B0F4","EXTRACTED":1790816405164,"SHAPE__Area":33751.7265625,"SHAPE__Length":789.03204421815565}},{"type":"Feature","id":911477,"geometry":{"type":"Polygon","coordinates":[[[146.166256918071,-18.649048748996],[146.165927997692,-18.6485463846266],[146.166403268909,-18.6481650361461],[146.168097078083,-18.6481890152896],[146.168175315867,-18.6481963371154],[146.168276540157,-18.648213982965],[146.168663519101,-18.6486975387027],[146.168194931552,-18.6491103144607],[146.166582453226,-18.6491221948887],[146.16643948261,-18.6491022549951],[146.166256918071,-18.649048748996]]]},"properties":{"OBJECTID":911477,"EVENT_ID":"26NQ11278","TYPE":"PLANNED","STATUS":"Crews working on-site","CUSTOMERS_AFFECTED":4,"SUBURBS":"INGHAM","STREETS":"BURKE ST","START":1790816399000,"FINISH":null,"EST_FIX_TIME":1790830800000,"REASON":"The loss of supply is to replace power poles and improve the electricity network","CRC":"257F966D","EXTRACTED":1790816703743,"SHAPE__Area":28251.123046875,"SHAPE__Length":706.9571737541595}},{"type":"Feature","id":911478,"geometry":{"type":"Polygon","coordinates":[[[146.167992581256,-18.6407939324786],[146.167820680203,-18.6402371441844],[146.168241366564,-18.6393174297837],[146.169031474019,-18.6391992778094],[146.169087001095,-18.6392593408947],[146.169193001625,-18.6396607353311],[146.169046435455,-18.6402597649819],[146.168955416374,-18.6404388519666],[146.16869869686,-18.6407457344901],[146.168065505543,-18.6408401915946],[146.167992581256,-18.6407939324786]]]},"properties":{"OBJECTID":911478,"EVENT_ID":"26NQ11279","TYPE":"PLANNED","STATUS":"Crews working on-site","CUSTOMERS_AFFECTED":5,"SUBURBS":"INGHAM","STREETS":"DALRYMPLE ST, MORETTI ST","START":1790816805000,"FINISH":null,"EST_FIX_TIME":1790830800000,"REASON":"The loss of supply is to replace power poles and improve the electricity network","CRC":"219F92C0","EXTRACTED":1790817004744,"SHAPE__Area":21029.818359375,"SHAPE__Length":555.67373285467352}}]}